id,well_id,measured_depth,true_vertical_depth,inclination,azimuth,dogleg_severity,easting,northing
1,WELL-001,0.0,0.0,0.0,45.0,0.0,0.0,0.0
2,WELL-001,50.0,50.0,0.0,45.0,0.0,0.0,0.0
3,WELL-001,100.0,100.0,0.0,45.0,0.0,0.0,0.0
4,WELL-001,150.0,150.0,0.0,45.0,0.0,0.0,0.0
5,WELL-001,200.0,200.0,0.0,45.0,0.0,0.0,0.0
6,WELL-001,250.0,250.0,0.0,45.0,0.0,0.0,0.0
7,WELL-001,300.0,300.0,0.0,45.0,0.0,0.0,0.0
8,WELL-001,350.0,350.0,0.0,45.0,0.0,0.0,0.0
9,WELL-001,400.0,400.0,0.0,45.0,0.0,0.0,0.0
10,WELL-001,450.0,450.0,0.0,45.0,0.0,0.0,0.0
11,WELL-001,500.0,500.0,0.0,45.0,0.0,0.0,0.0
12,WELL-001,550.0,550.0,0.0,45.0,0.0,0.0,0.0
13,WELL-001,600.0,600.0,0.0,45.0,0.0,0.0,0.0
14,WELL-001,650.0,650.0,0.0,45.0,0.0,0.0,0.0
15,WELL-001,700.0,700.0,0.0,45.0,0.0,0.0,0.0
16,WELL-001,750.0,750.0,0.0,45.0,0.0,0.0,0.0
17,WELL-001,800.0,800.0,0.0,45.0,0.0,0.0,0.0
18,WELL-001,850.0,850.0,0.0,45.0,0.0,0.0,0.0
19,WELL-001,900.0,900.0,0.0,45.0,0.0,0.0,0.0
20,WELL-001,950.0,950.0,0.0,45.0,0.0,0.0,0.0
21,WELL-001,1000.0,1000.0,0.0,45.0,0.0,0.0,0.0
22,WELL-001,1050.0,1049.9,0.75,45.0,0.4,9.72,9.72
23,WELL-001,1100.0,1099.6,1.5,45.0,0.4,20.36,20.36
24,WELL-001,1150.0,1149.1,2.25,45.0,0.4,31.93,31.93
25,WELL-001,1200.0,1198.4,3.0,45.0,0.4,44.41,44.41
26,WELL-001,1250.0,1247.3,3.75,45.0,0.4,57.81,57.81
27,WELL-001,1300.0,1296.0,4.5,45.0,0.4,72.12,72.12
28,WELL-001,1350.0,1344.3,5.25,45.0,0.4,87.35,87.35
29,WELL-001,1400.0,1392.3,6.0,45.0,0.4,103.48,103.48
30,WELL-001,1450.0,1439.9,6.75,45.0,0.4,120.51,120.51
31,WELL-001,1500.0,1487.2,7.5,45.0,0.4,138.44,138.44
32,WELL-001,1550.0,1534.0,8.25,45.0,0.4,157.27,157.27
33,WELL-001,1600.0,1580.3,9.0,45.0,0.4,176.99,176.99
34,WELL-001,1650.0,1626.2,9.75,45.0,0.4,197.58,197.58
35,WELL-001,1700.0,1671.5,10.5,45.0,0.4,219.06,219.06
36,WELL-001,1750.0,1716.4,11.25,45.0,0.4,241.41,241.41
37,WELL-001,1800.0,1760.7,12.0,45.0,0.4,264.63,264.63
38,WELL-001,1850.0,1804.4,12.75,45.0,0.4,288.7,288.7
39,WELL-001,1900.0,1847.5,13.5,45.0,0.4,313.63,313.63
40,WELL-001,1950.0,1890.0,14.25,45.0,0.4,339.41,339.41
41,WELL-001,2000.0,1931.9,15.0,45.0,0.4,366.03,366.03
42,WELL-001,2050.0,1973.0,15.75,45.0,0.4,393.47,393.47
43,WELL-001,2100.0,2013.5,16.5,45.0,0.4,421.74,421.74
44,WELL-001,2150.0,2053.3,17.25,45.0,0.4,450.83,450.83
45,WELL-001,2200.0,2092.3,18.0,45.0,0.4,480.72,480.72
46,WELL-001,2250.0,2130.6,18.75,45.0,0.4,511.41,511.41
47,WELL-001,2300.0,2168.1,19.5,45.0,0.4,542.89,542.89
48,WELL-001,2350.0,2204.7,20.25,45.0,0.4,575.14,575.14
49,WELL-001,2400.0,2240.6,21.0,45.0,0.4,608.17,608.17
50,WELL-001,2450.0,2275.6,21.75,45.0,0.4,641.96,641.96
51,WELL-001,2500.0,2309.7,22.5,45.0,0.4,676.5,676.5
52,WELL-001,2550.0,2342.9,23.25,45.0,0.4,711.77,711.77
53,WELL-001,2600.0,2375.2,24.0,45.0,0.4,747.78,747.78
54,WELL-001,2650.0,2406.6,24.75,45.0,0.4,784.5,784.5
55,WELL-001,2700.0,2437.0,25.5,45.0,0.4,821.93,821.93
56,WELL-001,2750.0,2466.4,26.25,45.0,0.4,860.05,860.05
57,WELL-001,2800.0,2494.8,27.0,45.0,0.4,898.86,898.86
58,WELL-001,2850.0,2522.2,27.75,45.0,0.4,938.33,938.33
59,WELL-001,2900.0,2548.6,28.5,45.0,0.4,978.47,978.47
60,WELL-001,2950.0,2573.9,29.25,45.0,0.4,1019.25,1019.25
61,WELL-001,3000.0,2598.1,30.0,45.0,0.4,1060.66,1060.66
62,WELL-001,3050.0,2621.2,30.75,45.0,0.4,1102.69,1102.69
63,WELL-001,3100.0,2643.2,31.5,45.0,0.4,1145.33,1145.33
64,WELL-001,3150.0,2664.0,32.25,45.0,0.4,1188.57,1188.57
65,WELL-001,3200.0,2683.7,33.0,45.0,0.4,1232.38,1232.38
66,WELL-001,3250.0,2702.3,33.75,45.0,0.4,1276.75,1276.75
67,WELL-001,3300.0,2719.6,34.5,45.0,0.4,1321.68,1321.68
68,WELL-001,3350.0,2744.2,35.0,45.0,0.4,1358.69,1358.69
69,WELL-001,3400.0,2785.1,35.0,45.0,0.4,1378.97,1378.97
70,WELL-001,3450.0,2826.1,35.0,45.0,0.4,1399.25,1399.25
71,WELL-001,3500.0,2867.0,35.0,45.0,0.4,1419.53,1419.53
72,WELL-001,3550.0,2908.0,35.0,45.0,0.4,1439.81,1439.81
73,WELL-001,3600.0,2948.9,35.0,45.0,0.4,1460.09,1460.09
74,WELL-001,3650.0,2989.9,35.0,45.0,0.4,1480.37,1480.37
75,WELL-001,3700.0,3030.9,35.0,45.0,0.4,1500.65,1500.65
76,WELL-001,3750.0,3071.8,35.0,45.0,0.4,1520.92,1520.92
77,WELL-001,3800.0,3112.8,35.0,45.0,0.4,1541.2,1541.2
78,WELL-001,3850.0,3153.7,35.0,45.0,0.4,1561.48,1561.48
79,WELL-001,3900.0,3194.7,35.0,45.0,0.4,1581.76,1581.76
80,WELL-001,3950.0,3235.7,35.0,45.0,0.4,1602.04,1602.04
81,WELL-001,4000.0,3276.6,35.0,45.0,0.4,1622.32,1622.32
82,WELL-001,4050.0,3317.6,35.0,45.0,0.4,1642.6,1642.6
83,WELL-001,4100.0,3358.5,35.0,45.0,0.4,1662.88,1662.88
84,WELL-001,4150.0,3399.5,35.0,45.0,0.4,1683.16,1683.16
85,WELL-001,4200.0,3440.4,35.0,45.0,0.4,1703.44,1703.44
86,WELL-001,4250.0,3481.4,35.0,45.0,0.4,1723.71,1723.71
87,WELL-001,4300.0,3522.4,35.0,45.0,0.4,1743.99,1743.99
88,WELL-002,0.0,0.0,0.0,45.0,0.0,0.0,0.0
89,WELL-002,50.0,50.0,0.0,45.0,0.0,0.0,0.0
90,WELL-002,100.0,100.0,0.0,45.0,0.0,0.0,0.0
91,WELL-002,150.0,150.0,0.0,45.0,0.0,0.0,0.0
92,WELL-002,200.0,200.0,0.0,45.0,0.0,0.0,0.0
93,WELL-002,250.0,250.0,0.0,45.0,0.0,0.0,0.0
94,WELL-002,300.0,300.0,0.0,45.0,0.0,0.0,0.0
95,WELL-002,350.0,350.0,0.0,45.0,0.0,0.0,0.0
96,WELL-002,400.0,400.0,0.0,45.0,0.0,0.0,0.0
97,WELL-002,450.0,450.0,0.0,45.0,0.0,0.0,0.0
98,WELL-002,500.0,500.0,0.0,45.0,0.0,0.0,0.0
99,WELL-002,550.0,550.0,0.0,45.0,0.0,0.0,0.0
100,WELL-002,600.0,600.0,0.0,45.0,0.0,0.0,0.0
101,WELL-002,650.0,650.0,0.0,45.0,0.0,0.0,0.0
102,WELL-002,700.0,700.0,0.0,45.0,0.0,0.0,0.0
103,WELL-002,750.0,750.0,0.0,45.0,0.0,0.0,0.0
104,WELL-002,800.0,800.0,0.0,45.0,0.0,0.0,0.0
105,WELL-002,850.0,850.0,0.0,45.0,0.0,0.0,0.0
106,WELL-002,900.0,900.0,0.0,45.0,0.0,0.0,0.0
107,WELL-002,950.0,950.0,0.0,45.0,0.0,0.0,0.0
108,WELL-002,1000.0,1000.0,0.0,45.0,0.0,0.0,0.0
109,WELL-002,1050.0,1049.9,0.75,45.0,0.4,9.72,9.72
110,WELL-002,1100.0,1099.6,1.5,45.0,0.4,20.36,20.36
111,WELL-002,1150.0,1149.1,2.25,45.0,0.4,31.93,31.93
112,WELL-002,1200.0,1198.4,3.0,45.0,0.4,44.41,44.41
113,WELL-002,1250.0,1247.3,3.75,45.0,0.4,57.81,57.81
114,WELL-002,1300.0,1296.0,4.5,45.0,0.4,72.12,72.12
115,WELL-002,1350.0,1344.3,5.25,45.0,0.4,87.35,87.35
116,WELL-002,1400.0,1392.3,6.0,45.0,0.4,103.48,103.48
117,WELL-002,1450.0,1439.9,6.75,45.0,0.4,120.51,120.51
118,WELL-002,1500.0,1487.2,7.5,45.0,0.4,138.44,138.44
119,WELL-002,1550.0,1534.0,8.25,45.0,0.4,157.27,157.27
120,WELL-002,1600.0,1580.3,9.0,45.0,0.4,176.99,176.99
121,WELL-002,1650.0,1626.2,9.75,45.0,0.4,197.58,197.58
122,WELL-002,1700.0,1671.5,10.5,45.0,0.4,219.06,219.06
123,WELL-002,1750.0,1716.4,11.25,45.0,0.4,241.41,241.41
124,WELL-002,1800.0,1760.7,12.0,45.0,0.4,264.63,264.63
125,WELL-002,1850.0,1804.4,12.75,45.0,0.4,288.7,288.7
126,WELL-002,1900.0,1847.5,13.5,45.0,0.4,313.63,313.63
127,WELL-002,1950.0,1890.0,14.25,45.0,0.4,339.41,339.41
128,WELL-002,2000.0,1931.9,15.0,45.0,0.4,366.03,366.03
129,WELL-002,2050.0,1973.0,15.75,45.0,0.4,393.47,393.47
130,WELL-002,2100.0,2013.5,16.5,45.0,0.4,421.74,421.74
131,WELL-002,2150.0,2053.3,17.25,45.0,0.4,450.83,450.83
132,WELL-002,2200.0,2092.3,18.0,45.0,0.4,480.72,480.72
133,WELL-002,2250.0,2130.6,18.75,45.0,0.4,511.41,511.41
134,WELL-002,2300.0,2168.1,19.5,45.0,0.4,542.89,542.89
135,WELL-002,2350.0,2204.7,20.25,45.0,0.4,575.14,575.14
136,WELL-002,2400.0,2240.6,21.0,45.0,0.4,608.17,608.17
137,WELL-002,2450.0,2275.6,21.75,45.0,0.4,641.96,641.96
138,WELL-002,2500.0,2309.7,22.5,45.0,0.4,676.5,676.5
139,WELL-002,2550.0,2342.9,23.25,45.0,0.4,711.77,711.77
140,WELL-002,2600.0,2375.2,24.0,45.0,0.4,747.78,747.78
141,WELL-002,2650.0,2406.6,24.75,45.0,0.4,784.5,784.5
142,WELL-002,2700.0,2437.0,25.5,45.0,0.4,821.93,821.93
143,WELL-002,2750.0,2466.4,26.25,45.0,0.4,860.05,860.05
144,WELL-002,2800.0,2494.8,27.0,45.0,0.4,898.86,898.86
145,WELL-002,2850.0,2522.2,27.75,45.0,0.4,938.33,938.33
146,WELL-002,2900.0,2548.6,28.5,45.0,0.4,978.47,978.47
147,WELL-002,2950.0,2573.9,29.25,45.0,0.4,1019.25,1019.25
148,WELL-002,3000.0,2598.1,30.0,45.0,0.4,1060.66,1060.66
149,WELL-002,3050.0,2621.2,30.75,45.0,0.4,1102.69,1102.69
150,WELL-002,3100.0,2643.2,31.5,45.0,0.4,1145.33,1145.33
151,WELL-002,3150.0,2664.0,32.25,45.0,0.4,1188.57,1188.57
152,WELL-002,3200.0,2683.7,33.0,45.0,0.4,1232.38,1232.38
153,WELL-002,3250.0,2702.3,33.75,45.0,0.4,1276.75,1276.75
154,WELL-002,3300.0,2719.6,34.5,45.0,0.4,1321.68,1321.68
155,WELL-002,3350.0,2744.2,35.0,45.0,0.4,1358.69,1358.69
156,WELL-002,3400.0,2785.1,35.0,45.0,0.4,1378.97,1378.97
157,WELL-002,3450.0,2826.1,35.0,45.0,0.4,1399.25,1399.25
158,WELL-002,3500.0,2867.0,35.0,45.0,0.4,1419.53,1419.53
159,WELL-002,3550.0,2908.0,35.0,45.0,0.4,1439.81,1439.81
160,WELL-002,3600.0,2948.9,35.0,45.0,0.4,1460.09,1460.09
161,WELL-002,3650.0,2989.9,35.0,45.0,0.4,1480.37,1480.37
162,WELL-002,3700.0,3030.9,35.0,45.0,0.4,1500.65,1500.65
163,WELL-002,3750.0,3071.8,35.0,45.0,0.4,1520.92,1520.92
164,WELL-002,3800.0,3112.8,35.0,45.0,0.4,1541.2,1541.2
165,WELL-002,3850.0,3153.7,35.0,45.0,0.4,1561.48,1561.48
166,WELL-002,3900.0,3194.7,35.0,45.0,0.4,1581.76,1581.76
167,WELL-002,3950.0,3235.7,35.0,45.0,0.4,1602.04,1602.04
168,WELL-002,4000.0,3276.6,35.0,45.0,0.4,1622.32,1622.32
169,WELL-002,4050.0,3317.6,35.0,45.0,0.4,1642.6,1642.6
170,WELL-002,4100.0,3358.5,35.0,45.0,0.4,1662.88,1662.88
171,WELL-003,0.0,0.0,0.0,45.0,0.0,0.0,0.0
172,WELL-003,50.0,50.0,0.0,45.0,0.0,0.0,0.0
173,WELL-003,100.0,100.0,0.0,45.0,0.0,0.0,0.0
174,WELL-003,150.0,150.0,0.0,45.0,0.0,0.0,0.0
175,WELL-003,200.0,200.0,0.0,45.0,0.0,0.0,0.0
176,WELL-003,250.0,250.0,0.0,45.0,0.0,0.0,0.0
177,WELL-003,300.0,300.0,0.0,45.0,0.0,0.0,0.0
178,WELL-003,350.0,350.0,0.0,45.0,0.0,0.0,0.0
179,WELL-003,400.0,400.0,0.0,45.0,0.0,0.0,0.0
180,WELL-003,450.0,450.0,0.0,45.0,0.0,0.0,0.0
181,WELL-003,500.0,500.0,0.0,45.0,0.0,0.0,0.0
182,WELL-003,550.0,550.0,0.0,45.0,0.0,0.0,0.0
183,WELL-003,600.0,600.0,0.0,45.0,0.0,0.0,0.0
184,WELL-003,650.0,650.0,0.0,45.0,0.0,0.0,0.0
185,WELL-003,700.0,700.0,0.0,45.0,0.0,0.0,0.0
186,WELL-003,750.0,750.0,0.0,45.0,0.0,0.0,0.0
187,WELL-003,800.0,800.0,0.0,45.0,0.0,0.0,0.0
188,WELL-003,850.0,850.0,0.0,45.0,0.0,0.0,0.0
189,WELL-003,900.0,900.0,0.0,45.0,0.0,0.0,0.0
190,WELL-003,950.0,950.0,0.0,45.0,0.0,0.0,0.0
191,WELL-003,1000.0,1000.0,0.0,45.0,0.0,0.0,0.0
192,WELL-003,1050.0,1049.9,0.75,45.0,0.4,9.72,9.72
193,WELL-003,1100.0,1099.6,1.5,45.0,0.4,20.36,20.36
194,WELL-003,1150.0,1149.1,2.25,45.0,0.4,31.93,31.93
195,WELL-003,1200.0,1198.4,3.0,45.0,0.4,44.41,44.41
196,WELL-003,1250.0,1247.3,3.75,45.0,0.4,57.81,57.81
197,WELL-003,1300.0,1296.0,4.5,45.0,0.4,72.12,72.12
198,WELL-003,1350.0,1344.3,5.25,45.0,0.4,87.35,87.35
199,WELL-003,1400.0,1392.3,6.0,45.0,0.4,103.48,103.48
200,WELL-003,1450.0,1439.9,6.75,45.0,0.4,120.51,120.51
201,WELL-003,1500.0,1487.2,7.5,45.0,0.4,138.44,138.44
202,WELL-003,1550.0,1534.0,8.25,45.0,0.4,157.27,157.27
203,WELL-003,1600.0,1580.3,9.0,45.0,0.4,176.99,176.99
204,WELL-003,1650.0,1626.2,9.75,45.0,0.4,197.58,197.58
205,WELL-003,1700.0,1671.5,10.5,45.0,0.4,219.06,219.06
206,WELL-003,1750.0,1716.4,11.25,45.0,0.4,241.41,241.41
207,WELL-003,1800.0,1760.7,12.0,45.0,0.4,264.63,264.63
208,WELL-003,1850.0,1804.4,12.75,45.0,0.4,288.7,288.7
209,WELL-003,1900.0,1847.5,13.5,45.0,0.4,313.63,313.63
210,WELL-003,1950.0,1890.0,14.25,45.0,0.4,339.41,339.41
211,WELL-003,2000.0,1931.9,15.0,45.0,0.4,366.03,366.03
212,WELL-003,2050.0,1973.0,15.75,45.0,0.4,393.47,393.47
213,WELL-003,2100.0,2013.5,16.5,45.0,0.4,421.74,421.74
214,WELL-003,2150.0,2053.3,17.25,45.0,0.4,450.83,450.83
215,WELL-003,2200.0,2092.3,18.0,45.0,0.4,480.72,480.72
216,WELL-003,2250.0,2130.6,18.75,45.0,0.4,511.41,511.41
217,WELL-003,2300.0,2168.1,19.5,45.0,0.4,542.89,542.89
218,WELL-003,2350.0,2204.7,20.25,45.0,0.4,575.14,575.14
219,WELL-003,2400.0,2240.6,21.0,45.0,0.4,608.17,608.17
220,WELL-003,2450.0,2275.6,21.75,45.0,0.4,641.96,641.96
221,WELL-003,2500.0,2309.7,22.5,45.0,0.4,676.5,676.5
222,WELL-003,2550.0,2342.9,23.25,45.0,0.4,711.77,711.77
223,WELL-003,2600.0,2375.2,24.0,45.0,0.4,747.78,747.78
224,WELL-003,2650.0,2406.6,24.75,45.0,0.4,784.5,784.5
225,WELL-003,2700.0,2437.0,25.5,45.0,0.4,821.93,821.93
226,WELL-003,2750.0,2466.4,26.25,45.0,0.4,860.05,860.05
227,WELL-003,2800.0,2494.8,27.0,45.0,0.4,898.86,898.86
228,WELL-003,2850.0,2522.2,27.75,45.0,0.4,938.33,938.33
229,WELL-003,2900.0,2548.6,28.5,45.0,0.4,978.47,978.47
230,WELL-003,2950.0,2573.9,29.25,45.0,0.4,1019.25,1019.25
231,WELL-003,3000.0,2598.1,30.0,45.0,0.4,1060.66,1060.66
232,WELL-003,3050.0,2621.2,30.75,45.0,0.4,1102.69,1102.69
233,WELL-003,3100.0,2643.2,31.5,45.0,0.4,1145.33,1145.33
234,WELL-003,3150.0,2664.0,32.25,45.0,0.4,1188.57,1188.57
235,WELL-003,3200.0,2683.7,33.0,45.0,0.4,1232.38,1232.38
236,WELL-003,3250.0,2702.3,33.75,45.0,0.4,1276.75,1276.75
237,WELL-003,3300.0,2719.6,34.5,45.0,0.4,1321.68,1321.68
238,WELL-003,3350.0,2744.2,35.0,45.0,0.4,1358.69,1358.69
239,WELL-003,3400.0,2785.1,35.0,45.0,0.4,1378.97,1378.97
240,WELL-003,3450.0,2826.1,35.0,45.0,0.4,1399.25,1399.25
241,WELL-003,3500.0,2867.0,35.0,45.0,0.4,1419.53,1419.53
242,WELL-003,3550.0,2908.0,35.0,45.0,0.4,1439.81,1439.81
243,WELL-003,3600.0,2948.9,35.0,45.0,0.4,1460.09,1460.09
244,WELL-003,3650.0,2989.9,35.0,45.0,0.4,1480.37,1480.37
245,WELL-003,3700.0,3030.9,35.0,45.0,0.4,1500.65,1500.65
246,WELL-003,3750.0,3071.8,35.0,45.0,0.4,1520.92,1520.92
247,WELL-003,3800.0,3112.8,35.0,45.0,0.4,1541.2,1541.2
248,WELL-003,3850.0,3153.7,35.0,45.0,0.4,1561.48,1561.48
249,WELL-003,3900.0,3194.7,35.0,45.0,0.4,1581.76,1581.76
250,WELL-003,3950.0,3235.7,35.0,45.0,0.4,1602.04,1602.04
251,WELL-003,4000.0,3276.6,35.0,45.0,0.4,1622.32,1622.32
252,WELL-003,4050.0,3317.6,35.0,45.0,0.4,1642.6,1642.6
253,WELL-003,4100.0,3358.5,35.0,45.0,0.4,1662.88,1662.88
254,WELL-003,4150.0,3399.5,35.0,45.0,0.4,1683.16,1683.16
255,WELL-003,4200.0,3440.4,35.0,45.0,0.4,1703.44,1703.44
256,WELL-003,4250.0,3481.4,35.0,45.0,0.4,1723.71,1723.71
257,WELL-003,4300.0,3522.4,35.0,45.0,0.4,1743.99,1743.99
258,WELL-003,4350.0,3563.3,35.0,45.0,0.4,1764.27,1764.27
259,WELL-003,4400.0,3604.3,35.0,45.0,0.4,1784.55,1784.55
260,WELL-003,4450.0,3645.2,35.0,45.0,0.4,1804.83,1804.83
261,WELL-003,4500.0,3686.2,35.0,45.0,0.4,1825.11,1825.11
262,WELL-003,4550.0,3727.1,35.0,45.0,0.4,1845.39,1845.39
263,WELL-003,4600.0,3768.1,35.0,45.0,0.4,1865.67,1865.67
264,WELL-003,4650.0,3809.1,35.0,45.0,0.4,1885.95,1885.95
265,WELL-004,0.0,0.0,0.0,45.0,0.0,0.0,0.0
266,WELL-004,50.0,50.0,0.0,45.0,0.0,0.0,0.0
267,WELL-004,100.0,100.0,0.0,45.0,0.0,0.0,0.0
268,WELL-004,150.0,150.0,0.0,45.0,0.0,0.0,0.0
269,WELL-004,200.0,200.0,0.0,45.0,0.0,0.0,0.0
270,WELL-004,250.0,250.0,0.0,45.0,0.0,0.0,0.0
271,WELL-004,300.0,300.0,0.0,45.0,0.0,0.0,0.0
272,WELL-004,350.0,350.0,0.0,45.0,0.0,0.0,0.0
273,WELL-004,400.0,400.0,0.0,45.0,0.0,0.0,0.0
274,WELL-004,450.0,450.0,0.0,45.0,0.0,0.0,0.0
275,WELL-004,500.0,500.0,0.0,45.0,0.0,0.0,0.0
276,WELL-004,550.0,550.0,0.0,45.0,0.0,0.0,0.0
277,WELL-004,600.0,600.0,0.0,45.0,0.0,0.0,0.0
278,WELL-004,650.0,650.0,0.0,45.0,0.0,0.0,0.0
279,WELL-004,700.0,700.0,0.0,45.0,0.0,0.0,0.0
280,WELL-004,750.0,750.0,0.0,45.0,0.0,0.0,0.0
281,WELL-004,800.0,800.0,0.0,45.0,0.0,0.0,0.0
282,WELL-004,850.0,850.0,0.0,45.0,0.0,0.0,0.0
283,WELL-004,900.0,900.0,0.0,45.0,0.0,0.0,0.0
284,WELL-004,950.0,950.0,0.0,45.0,0.0,0.0,0.0
285,WELL-004,1000.0,1000.0,0.0,45.0,0.0,0.0,0.0
286,WELL-004,1050.0,1049.9,0.75,45.0,0.4,9.72,9.72
287,WELL-004,1100.0,1099.6,1.5,45.0,0.4,20.36,20.36
288,WELL-004,1150.0,1149.1,2.25,45.0,0.4,31.93,31.93
289,WELL-004,1200.0,1198.4,3.0,45.0,0.4,44.41,44.41
290,WELL-004,1250.0,1247.3,3.75,45.0,0.4,57.81,57.81
291,WELL-004,1300.0,1296.0,4.5,45.0,0.4,72.12,72.12
292,WELL-004,1350.0,1344.3,5.25,45.0,0.4,87.35,87.35
293,WELL-004,1400.0,1392.3,6.0,45.0,0.4,103.48,103.48
294,WELL-004,1450.0,1439.9,6.75,45.0,0.4,120.51,120.51
295,WELL-004,1500.0,1487.2,7.5,45.0,0.4,138.44,138.44
296,WELL-004,1550.0,1534.0,8.25,45.0,0.4,157.27,157.27
297,WELL-004,1600.0,1580.3,9.0,45.0,0.4,176.99,176.99
298,WELL-004,1650.0,1626.2,9.75,45.0,0.4,197.58,197.58
299,WELL-004,1700.0,1671.5,10.5,45.0,0.4,219.06,219.06
300,WELL-004,1750.0,1716.4,11.25,45.0,0.4,241.41,241.41
301,WELL-004,1800.0,1760.7,12.0,45.0,0.4,264.63,264.63
302,WELL-004,1850.0,1804.4,12.75,45.0,0.4,288.7,288.7
303,WELL-004,1900.0,1847.5,13.5,45.0,0.4,313.63,313.63
304,WELL-004,1950.0,1890.0,14.25,45.0,0.4,339.41,339.41
305,WELL-004,2000.0,1931.9,15.0,45.0,0.4,366.03,366.03
306,WELL-004,2050.0,1973.0,15.75,45.0,0.4,393.47,393.47
307,WELL-004,2100.0,2013.5,16.5,45.0,0.4,421.74,421.74
308,WELL-004,2150.0,2053.3,17.25,45.0,0.4,450.83,450.83
309,WELL-004,2200.0,2092.3,18.0,45.0,0.4,480.72,480.72
310,WELL-004,2250.0,2130.6,18.75,45.0,0.4,511.41,511.41
311,WELL-004,2300.0,2168.1,19.5,45.0,0.4,542.89,542.89
312,WELL-004,2350.0,2204.7,20.25,45.0,0.4,575.14,575.14
313,WELL-004,2400.0,2240.6,21.0,45.0,0.4,608.17,608.17
314,WELL-004,2450.0,2275.6,21.75,45.0,0.4,641.96,641.96
315,WELL-004,2500.0,2309.7,22.5,45.0,0.4,676.5,676.5
316,WELL-004,2550.0,2342.9,23.25,45.0,0.4,711.77,711.77
317,WELL-004,2600.0,2375.2,24.0,45.0,0.4,747.78,747.78
318,WELL-004,2650.0,2406.6,24.75,45.0,0.4,784.5,784.5
319,WELL-004,2700.0,2437.0,25.5,45.0,0.4,821.93,821.93
320,WELL-004,2750.0,2466.4,26.25,45.0,0.4,860.05,860.05
321,WELL-004,2800.0,2494.8,27.0,45.0,0.4,898.86,898.86
322,WELL-004,2850.0,2522.2,27.75,45.0,0.4,938.33,938.33
323,WELL-004,2900.0,2548.6,28.5,45.0,0.4,978.47,978.47
324,WELL-004,2950.0,2573.9,29.25,45.0,0.4,1019.25,1019.25
325,WELL-004,3000.0,2598.1,30.0,45.0,0.4,1060.66,1060.66
326,WELL-004,3050.0,2621.2,30.75,45.0,0.4,1102.69,1102.69
327,WELL-004,3100.0,2643.2,31.5,45.0,0.4,1145.33,1145.33
328,WELL-004,3150.0,2664.0,32.25,45.0,0.4,1188.57,1188.57
329,WELL-004,3200.0,2683.7,33.0,45.0,0.4,1232.38,1232.38
330,WELL-004,3250.0,2702.3,33.75,45.0,0.4,1276.75,1276.75
331,WELL-004,3300.0,2719.6,34.5,45.0,0.4,1321.68,1321.68
332,WELL-004,3350.0,2744.2,35.0,45.0,0.4,1358.69,1358.69
333,WELL-004,3400.0,2785.1,35.0,45.0,0.4,1378.97,1378.97
334,WELL-004,3450.0,2826.1,35.0,45.0,0.4,1399.25,1399.25
335,WELL-004,3500.0,2867.0,35.0,45.0,0.4,1419.53,1419.53
336,WELL-004,3550.0,2908.0,35.0,45.0,0.4,1439.81,1439.81
337,WELL-004,3600.0,2948.9,35.0,45.0,0.4,1460.09,1460.09
338,WELL-004,3650.0,2989.9,35.0,45.0,0.4,1480.37,1480.37
339,WELL-004,3700.0,3030.9,35.0,45.0,0.4,1500.65,1500.65
340,WELL-004,3750.0,3071.8,35.0,45.0,0.4,1520.92,1520.92
341,WELL-004,3800.0,3112.8,35.0,45.0,0.4,1541.2,1541.2
342,WELL-004,3850.0,3153.7,35.0,45.0,0.4,1561.48,1561.48
343,WELL-004,3900.0,3194.7,35.0,45.0,0.4,1581.76,1581.76
344,WELL-004,3950.0,3235.7,35.0,45.0,0.4,1602.04,1602.04
345,WELL-004,4000.0,3276.6,35.0,45.0,0.4,1622.32,1622.32
346,WELL-004,4050.0,3317.6,35.0,45.0,0.4,1642.6,1642.6
347,WELL-004,4100.0,3358.5,35.0,45.0,0.4,1662.88,1662.88
348,WELL-004,4150.0,3399.5,35.0,45.0,0.4,1683.16,1683.16
349,WELL-004,4200.0,3440.4,35.0,45.0,0.4,1703.44,1703.44
350,WELL-004,4250.0,3481.4,35.0,45.0,0.4,1723.71,1723.71
351,WELL-005,0.0,0.0,0.0,45.0,0.0,0.0,0.0
352,WELL-005,50.0,50.0,0.0,45.0,0.0,0.0,0.0
353,WELL-005,100.0,100.0,0.0,45.0,0.0,0.0,0.0
354,WELL-005,150.0,150.0,0.0,45.0,0.0,0.0,0.0
355,WELL-005,200.0,200.0,0.0,45.0,0.0,0.0,0.0
356,WELL-005,250.0,250.0,0.0,45.0,0.0,0.0,0.0
357,WELL-005,300.0,300.0,0.0,45.0,0.0,0.0,0.0
358,WELL-005,350.0,350.0,0.0,45.0,0.0,0.0,0.0
359,WELL-005,400.0,400.0,0.0,45.0,0.0,0.0,0.0
360,WELL-005,450.0,450.0,0.0,45.0,0.0,0.0,0.0
361,WELL-005,500.0,500.0,0.0,45.0,0.0,0.0,0.0
362,WELL-005,550.0,550.0,0.0,45.0,0.0,0.0,0.0
363,WELL-005,600.0,600.0,0.0,45.0,0.0,0.0,0.0
364,WELL-005,650.0,650.0,0.0,45.0,0.0,0.0,0.0
365,WELL-005,700.0,700.0,0.0,45.0,0.0,0.0,0.0
366,WELL-005,750.0,750.0,0.0,45.0,0.0,0.0,0.0
367,WELL-005,800.0,800.0,0.0,45.0,0.0,0.0,0.0
368,WELL-005,850.0,850.0,0.0,45.0,0.0,0.0,0.0
369,WELL-005,900.0,900.0,0.0,45.0,0.0,0.0,0.0
370,WELL-005,950.0,950.0,0.0,45.0,0.0,0.0,0.0
371,WELL-005,1000.0,1000.0,0.0,45.0,0.0,0.0,0.0
372,WELL-005,1050.0,1049.9,0.75,45.0,0.4,9.72,9.72
373,WELL-005,1100.0,1099.6,1.5,45.0,0.4,20.36,20.36
374,WELL-005,1150.0,1149.1,2.25,45.0,0.4,31.93,31.93
375,WELL-005,1200.0,1198.4,3.0,45.0,0.4,44.41,44.41
376,WELL-005,1250.0,1247.3,3.75,45.0,0.4,57.81,57.81
377,WELL-005,1300.0,1296.0,4.5,45.0,0.4,72.12,72.12
378,WELL-005,1350.0,1344.3,5.25,45.0,0.4,87.35,87.35
379,WELL-005,1400.0,1392.3,6.0,45.0,0.4,103.48,103.48
380,WELL-005,1450.0,1439.9,6.75,45.0,0.4,120.51,120.51
381,WELL-005,1500.0,1487.2,7.5,45.0,0.4,138.44,138.44
382,WELL-005,1550.0,1534.0,8.25,45.0,0.4,157.27,157.27
383,WELL-005,1600.0,1580.3,9.0,45.0,0.4,176.99,176.99
384,WELL-005,1650.0,1626.2,9.75,45.0,0.4,197.58,197.58
385,WELL-005,1700.0,1671.5,10.5,45.0,0.4,219.06,219.06
386,WELL-005,1750.0,1716.4,11.25,45.0,0.4,241.41,241.41
387,WELL-005,1800.0,1760.7,12.0,45.0,0.4,264.63,264.63
388,WELL-005,1850.0,1804.4,12.75,45.0,0.4,288.7,288.7
389,WELL-005,1900.0,1847.5,13.5,45.0,0.4,313.63,313.63
390,WELL-005,1950.0,1890.0,14.25,45.0,0.4,339.41,339.41
391,WELL-005,2000.0,1931.9,15.0,45.0,0.4,366.03,366.03
392,WELL-005,2050.0,1973.0,15.75,45.0,0.4,393.47,393.47
393,WELL-005,2100.0,2013.5,16.5,45.0,0.4,421.74,421.74
394,WELL-005,2150.0,2053.3,17.25,45.0,0.4,450.83,450.83
395,WELL-005,2200.0,2092.3,18.0,45.0,0.4,480.72,480.72
396,WELL-005,2250.0,2130.6,18.75,45.0,0.4,511.41,511.41
397,WELL-005,2300.0,2168.1,19.5,45.0,0.4,542.89,542.89
398,WELL-005,2350.0,2204.7,20.25,45.0,0.4,575.14,575.14
399,WELL-005,2400.0,2240.6,21.0,45.0,0.4,608.17,608.17
400,WELL-005,2450.0,2275.6,21.75,45.0,0.4,641.96,641.96
401,WELL-005,2500.0,2309.7,22.5,45.0,0.4,676.5,676.5
402,WELL-005,2550.0,2342.9,23.25,45.0,0.4,711.77,711.77
403,WELL-005,2600.0,2375.2,24.0,45.0,0.4,747.78,747.78
404,WELL-005,2650.0,2406.6,24.75,45.0,0.4,784.5,784.5
405,WELL-005,2700.0,2437.0,25.5,45.0,0.4,821.93,821.93
406,WELL-005,2750.0,2466.4,26.25,45.0,0.4,860.05,860.05
407,WELL-005,2800.0,2494.8,27.0,45.0,0.4,898.86,898.86
408,WELL-005,2850.0,2522.2,27.75,45.0,0.4,938.33,938.33
409,WELL-005,2900.0,2548.6,28.5,45.0,0.4,978.47,978.47
410,WELL-005,2950.0,2573.9,29.25,45.0,0.4,1019.25,1019.25
411,WELL-005,3000.0,2598.1,30.0,45.0,0.4,1060.66,1060.66
412,WELL-005,3050.0,2621.2,30.75,45.0,0.4,1102.69,1102.69
413,WELL-005,3100.0,2643.2,31.5,45.0,0.4,1145.33,1145.33
414,WELL-005,3150.0,2664.0,32.25,45.0,0.4,1188.57,1188.57
415,WELL-005,3200.0,2683.7,33.0,45.0,0.4,1232.38,1232.38
416,WELL-005,3250.0,2702.3,33.75,45.0,0.4,1276.75,1276.75
417,WELL-005,3300.0,2719.6,34.5,45.0,0.4,1321.68,1321.68
418,WELL-005,3350.0,2744.2,35.0,45.0,0.4,1358.69,1358.69
419,WELL-005,3400.0,2785.1,35.0,45.0,0.4,1378.97,1378.97
420,WELL-005,3450.0,2826.1,35.0,45.0,0.4,1399.25,1399.25
421,WELL-005,3500.0,2867.0,35.0,45.0,0.4,1419.53,1419.53
422,WELL-005,3550.0,2908.0,35.0,45.0,0.4,1439.81,1439.81
423,WELL-005,3600.0,2948.9,35.0,45.0,0.4,1460.09,1460.09
424,WELL-005,3650.0,2989.9,35.0,45.0,0.4,1480.37,1480.37
425,WELL-005,3700.0,3030.9,35.0,45.0,0.4,1500.65,1500.65
426,WELL-005,3750.0,3071.8,35.0,45.0,0.4,1520.92,1520.92
427,WELL-005,3800.0,3112.8,35.0,45.0,0.4,1541.2,1541.2
428,WELL-005,3850.0,3153.7,35.0,45.0,0.4,1561.48,1561.48
429,WELL-005,3900.0,3194.7,35.0,45.0,0.4,1581.76,1581.76
430,WELL-005,3950.0,3235.7,35.0,45.0,0.4,1602.04,1602.04
431,WELL-005,4000.0,3276.6,35.0,45.0,0.4,1622.32,1622.32
432,WELL-005,4050.0,3317.6,35.0,45.0,0.4,1642.6,1642.6
433,WELL-005,4100.0,3358.5,35.0,45.0,0.4,1662.88,1662.88
434,WELL-005,4150.0,3399.5,35.0,45.0,0.4,1683.16,1683.16
435,WELL-005,4200.0,3440.4,35.0,45.0,0.4,1703.44,1703.44
436,WELL-005,4250.0,3481.4,35.0,45.0,0.4,1723.71,1723.71
437,WELL-005,4300.0,3522.4,35.0,45.0,0.4,1743.99,1743.99
438,WELL-005,4350.0,3563.3,35.0,45.0,0.4,1764.27,1764.27
439,WELL-005,4400.0,3604.3,35.0,45.0,0.4,1784.55,1784.55
440,WELL-005,4450.0,3645.2,35.0,45.0,0.4,1804.83,1804.83
441,WELL-006,0.0,0.0,0.0,45.0,0.0,0.0,0.0
442,WELL-006,50.0,50.0,0.0,45.0,0.0,0.0,0.0
443,WELL-006,100.0,100.0,0.0,45.0,0.0,0.0,0.0
444,WELL-006,150.0,150.0,0.0,45.0,0.0,0.0,0.0
445,WELL-006,200.0,200.0,0.0,45.0,0.0,0.0,0.0
446,WELL-006,250.0,250.0,0.0,45.0,0.0,0.0,0.0
447,WELL-006,300.0,300.0,0.0,45.0,0.0,0.0,0.0
448,WELL-006,350.0,350.0,0.0,45.0,0.0,0.0,0.0
449,WELL-006,400.0,400.0,0.0,45.0,0.0,0.0,0.0
450,WELL-006,450.0,450.0,0.0,45.0,0.0,0.0,0.0
451,WELL-006,500.0,500.0,0.0,45.0,0.0,0.0,0.0
452,WELL-006,550.0,550.0,0.0,45.0,0.0,0.0,0.0
453,WELL-006,600.0,600.0,0.0,45.0,0.0,0.0,0.0
454,WELL-006,650.0,650.0,0.0,45.0,0.0,0.0,0.0
455,WELL-006,700.0,700.0,0.0,45.0,0.0,0.0,0.0
456,WELL-006,750.0,750.0,0.0,45.0,0.0,0.0,0.0
457,WELL-006,800.0,800.0,0.0,45.0,0.0,0.0,0.0
458,WELL-006,850.0,850.0,0.0,45.0,0.0,0.0,0.0
459,WELL-006,900.0,900.0,0.0,45.0,0.0,0.0,0.0
460,WELL-006,950.0,950.0,0.0,45.0,0.0,0.0,0.0
461,WELL-006,1000.0,1000.0,0.0,45.0,0.0,0.0,0.0
462,WELL-006,1050.0,1049.9,0.75,45.0,0.4,9.72,9.72
463,WELL-006,1100.0,1099.6,1.5,45.0,0.4,20.36,20.36
464,WELL-006,1150.0,1149.1,2.25,45.0,0.4,31.93,31.93
465,WELL-006,1200.0,1198.4,3.0,45.0,0.4,44.41,44.41
466,WELL-006,1250.0,1247.3,3.75,45.0,0.4,57.81,57.81
467,WELL-006,1300.0,1296.0,4.5,45.0,0.4,72.12,72.12
468,WELL-006,1350.0,1344.3,5.25,45.0,0.4,87.35,87.35
469,WELL-006,1400.0,1392.3,6.0,45.0,0.4,103.48,103.48
470,WELL-006,1450.0,1439.9,6.75,45.0,0.4,120.51,120.51
471,WELL-006,1500.0,1487.2,7.5,45.0,0.4,138.44,138.44
472,WELL-006,1550.0,1534.0,8.25,45.0,0.4,157.27,157.27
473,WELL-006,1600.0,1580.3,9.0,45.0,0.4,176.99,176.99
474,WELL-006,1650.0,1626.2,9.75,45.0,0.4,197.58,197.58
475,WELL-006,1700.0,1671.5,10.5,45.0,0.4,219.06,219.06
476,WELL-006,1750.0,1716.4,11.25,45.0,0.4,241.41,241.41
477,WELL-006,1800.0,1760.7,12.0,45.0,0.4,264.63,264.63
478,WELL-006,1850.0,1804.4,12.75,45.0,0.4,288.7,288.7
479,WELL-006,1900.0,1847.5,13.5,45.0,0.4,313.63,313.63
480,WELL-006,1950.0,1890.0,14.25,45.0,0.4,339.41,339.41
481,WELL-006,2000.0,1931.9,15.0,45.0,0.4,366.03,366.03
482,WELL-006,2050.0,1973.0,15.75,45.0,0.4,393.47,393.47
483,WELL-006,2100.0,2013.5,16.5,45.0,0.4,421.74,421.74
484,WELL-006,2150.0,2053.3,17.25,45.0,0.4,450.83,450.83
485,WELL-006,2200.0,2092.3,18.0,45.0,0.4,480.72,480.72
486,WELL-006,2250.0,2130.6,18.75,45.0,0.4,511.41,511.41
487,WELL-006,2300.0,2168.1,19.5,45.0,0.4,542.89,542.89
488,WELL-006,2350.0,2204.7,20.25,45.0,0.4,575.14,575.14
489,WELL-006,2400.0,2240.6,21.0,45.0,0.4,608.17,608.17
490,WELL-006,2450.0,2275.6,21.75,45.0,0.4,641.96,641.96
491,WELL-006,2500.0,2309.7,22.5,45.0,0.4,676.5,676.5
492,WELL-006,2550.0,2342.9,23.25,45.0,0.4,711.77,711.77
493,WELL-006,2600.0,2375.2,24.0,45.0,0.4,747.78,747.78
494,WELL-006,2650.0,2406.6,24.75,45.0,0.4,784.5,784.5
495,WELL-006,2700.0,2437.0,25.5,45.0,0.4,821.93,821.93
496,WELL-006,2750.0,2466.4,26.25,45.0,0.4,860.05,860.05
497,WELL-006,2800.0,2494.8,27.0,45.0,0.4,898.86,898.86
498,WELL-006,2850.0,2522.2,27.75,45.0,0.4,938.33,938.33
499,WELL-006,2900.0,2548.6,28.5,45.0,0.4,978.47,978.47
500,WELL-006,2950.0,2573.9,29.25,45.0,0.4,1019.25,1019.25
501,WELL-006,3000.0,2598.1,30.0,45.0,0.4,1060.66,1060.66
502,WELL-006,3050.0,2621.2,30.75,45.0,0.4,1102.69,1102.69
503,WELL-006,3100.0,2643.2,31.5,45.0,0.4,1145.33,1145.33
504,WELL-006,3150.0,2664.0,32.25,45.0,0.4,1188.57,1188.57
505,WELL-006,3200.0,2683.7,33.0,45.0,0.4,1232.38,1232.38
506,WELL-006,3250.0,2702.3,33.75,45.0,0.4,1276.75,1276.75
507,WELL-006,3300.0,2719.6,34.5,45.0,0.4,1321.68,1321.68
508,WELL-006,3350.0,2744.2,35.0,45.0,0.4,1358.69,1358.69
509,WELL-006,3400.0,2785.1,35.0,45.0,0.4,1378.97,1378.97
510,WELL-006,3450.0,2826.1,35.0,45.0,0.4,1399.25,1399.25
511,WELL-006,3500.0,2867.0,35.0,45.0,0.4,1419.53,1419.53
512,WELL-006,3550.0,2908.0,35.0,45.0,0.4,1439.81,1439.81
513,WELL-006,3600.0,2948.9,35.0,45.0,0.4,1460.09,1460.09
514,WELL-006,3650.0,2989.9,35.0,45.0,0.4,1480.37,1480.37
515,WELL-006,3700.0,3030.9,35.0,45.0,0.4,1500.65,1500.65
516,WELL-006,3750.0,3071.8,35.0,45.0,0.4,1520.92,1520.92
517,WELL-006,3800.0,3112.8,35.0,45.0,0.4,1541.2,1541.2
518,WELL-006,3850.0,3153.7,35.0,45.0,0.4,1561.48,1561.48
519,WELL-007,0.0,0.0,0.0,45.0,0.0,0.0,0.0
520,WELL-007,50.0,50.0,0.0,45.0,0.0,0.0,0.0
521,WELL-007,100.0,100.0,0.0,45.0,0.0,0.0,0.0
522,WELL-007,150.0,150.0,0.0,45.0,0.0,0.0,0.0
523,WELL-007,200.0,200.0,0.0,45.0,0.0,0.0,0.0
524,WELL-007,250.0,250.0,0.0,45.0,0.0,0.0,0.0
525,WELL-007,300.0,300.0,0.0,45.0,0.0,0.0,0.0
526,WELL-007,350.0,350.0,0.0,45.0,0.0,0.0,0.0
527,WELL-007,400.0,400.0,0.0,45.0,0.0,0.0,0.0
528,WELL-007,450.0,450.0,0.0,45.0,0.0,0.0,0.0
529,WELL-007,500.0,500.0,0.0,45.0,0.0,0.0,0.0
530,WELL-007,550.0,550.0,0.0,45.0,0.0,0.0,0.0
531,WELL-007,600.0,600.0,0.0,45.0,0.0,0.0,0.0
532,WELL-007,650.0,650.0,0.0,45.0,0.0,0.0,0.0
533,WELL-007,700.0,700.0,0.0,45.0,0.0,0.0,0.0
534,WELL-007,750.0,750.0,0.0,45.0,0.0,0.0,0.0
535,WELL-007,800.0,800.0,0.0,45.0,0.0,0.0,0.0
536,WELL-007,850.0,850.0,0.0,45.0,0.0,0.0,0.0
537,WELL-007,900.0,900.0,0.0,45.0,0.0,0.0,0.0
538,WELL-007,950.0,950.0,0.0,45.0,0.0,0.0,0.0
539,WELL-007,1000.0,1000.0,0.0,45.0,0.0,0.0,0.0
540,WELL-007,1050.0,1049.9,0.75,45.0,0.4,9.72,9.72
541,WELL-007,1100.0,1099.6,1.5,45.0,0.4,20.36,20.36
542,WELL-007,1150.0,1149.1,2.25,45.0,0.4,31.93,31.93
543,WELL-007,1200.0,1198.4,3.0,45.0,0.4,44.41,44.41
544,WELL-007,1250.0,1247.3,3.75,45.0,0.4,57.81,57.81
545,WELL-007,1300.0,1296.0,4.5,45.0,0.4,72.12,72.12
546,WELL-007,1350.0,1344.3,5.25,45.0,0.4,87.35,87.35
547,WELL-007,1400.0,1392.3,6.0,45.0,0.4,103.48,103.48
548,WELL-007,1450.0,1439.9,6.75,45.0,0.4,120.51,120.51
549,WELL-007,1500.0,1487.2,7.5,45.0,0.4,138.44,138.44
550,WELL-007,1550.0,1534.0,8.25,45.0,0.4,157.27,157.27
551,WELL-007,1600.0,1580.3,9.0,45.0,0.4,176.99,176.99
552,WELL-007,1650.0,1626.2,9.75,45.0,0.4,197.58,197.58
553,WELL-007,1700.0,1671.5,10.5,45.0,0.4,219.06,219.06
554,WELL-007,1750.0,1716.4,11.25,45.0,0.4,241.41,241.41
555,WELL-007,1800.0,1760.7,12.0,45.0,0.4,264.63,264.63
556,WELL-007,1850.0,1804.4,12.75,45.0,0.4,288.7,288.7
557,WELL-007,1900.0,1847.5,13.5,45.0,0.4,313.63,313.63
558,WELL-007,1950.0,1890.0,14.25,45.0,0.4,339.41,339.41
559,WELL-007,2000.0,1931.9,15.0,45.0,0.4,366.03,366.03
560,WELL-007,2050.0,1973.0,15.75,45.0,0.4,393.47,393.47
561,WELL-007,2100.0,2013.5,16.5,45.0,0.4,421.74,421.74
562,WELL-007,2150.0,2053.3,17.25,45.0,0.4,450.83,450.83
563,WELL-007,2200.0,2092.3,18.0,45.0,0.4,480.72,480.72
564,WELL-007,2250.0,2130.6,18.75,45.0,0.4,511.41,511.41
565,WELL-007,2300.0,2168.1,19.5,45.0,0.4,542.89,542.89
566,WELL-007,2350.0,2204.7,20.25,45.0,0.4,575.14,575.14
567,WELL-007,2400.0,2240.6,21.0,45.0,0.4,608.17,608.17
568,WELL-007,2450.0,2275.6,21.75,45.0,0.4,641.96,641.96
569,WELL-007,2500.0,2309.7,22.5,45.0,0.4,676.5,676.5
570,WELL-007,2550.0,2342.9,23.25,45.0,0.4,711.77,711.77
571,WELL-007,2600.0,2375.2,24.0,45.0,0.4,747.78,747.78
572,WELL-007,2650.0,2406.6,24.75,45.0,0.4,784.5,784.5
573,WELL-007,2700.0,2437.0,25.5,45.0,0.4,821.93,821.93
574,WELL-007,2750.0,2466.4,26.25,45.0,0.4,860.05,860.05
575,WELL-007,2800.0,2494.8,27.0,45.0,0.4,898.86,898.86
576,WELL-007,2850.0,2522.2,27.75,45.0,0.4,938.33,938.33
577,WELL-007,2900.0,2548.6,28.5,45.0,0.4,978.47,978.47
578,WELL-007,2950.0,2573.9,29.25,45.0,0.4,1019.25,1019.25
579,WELL-007,3000.0,2598.1,30.0,45.0,0.4,1060.66,1060.66
580,WELL-007,3050.0,2621.2,30.75,45.0,0.4,1102.69,1102.69
581,WELL-007,3100.0,2643.2,31.5,45.0,0.4,1145.33,1145.33
582,WELL-007,3150.0,2664.0,32.25,45.0,0.4,1188.57,1188.57
583,WELL-007,3200.0,2683.7,33.0,45.0,0.4,1232.38,1232.38
584,WELL-007,3250.0,2702.3,33.75,45.0,0.4,1276.75,1276.75
585,WELL-007,3300.0,2719.6,34.5,45.0,0.4,1321.68,1321.68
586,WELL-007,3350.0,2744.2,35.0,45.0,0.4,1358.69,1358.69
587,WELL-007,3400.0,2785.1,35.0,45.0,0.4,1378.97,1378.97
588,WELL-007,3450.0,2826.1,35.0,45.0,0.4,1399.25,1399.25
589,WELL-007,3500.0,2867.0,35.0,45.0,0.4,1419.53,1419.53
590,WELL-007,3550.0,2908.0,35.0,45.0,0.4,1439.81,1439.81
591,WELL-007,3600.0,2948.9,35.0,45.0,0.4,1460.09,1460.09
592,WELL-007,3650.0,2989.9,35.0,45.0,0.4,1480.37,1480.37
593,WELL-007,3700.0,3030.9,35.0,45.0,0.4,1500.65,1500.65
594,WELL-007,3750.0,3071.8,35.0,45.0,0.4,1520.92,1520.92
595,WELL-007,3800.0,3112.8,35.0,45.0,0.4,1541.2,1541.2
596,WELL-007,3850.0,3153.7,35.0,45.0,0.4,1561.48,1561.48
597,WELL-007,3900.0,3194.7,35.0,45.0,0.4,1581.76,1581.76
598,WELL-007,3950.0,3235.7,35.0,45.0,0.4,1602.04,1602.04
599,WELL-007,4000.0,3276.6,35.0,45.0,0.4,1622.32,1622.32
600,WELL-007,4050.0,3317.6,35.0,45.0,0.4,1642.6,1642.6
601,WELL-007,4100.0,3358.5,35.0,45.0,0.4,1662.88,1662.88
602,WELL-007,4150.0,3399.5,35.0,45.0,0.4,1683.16,1683.16
603,WELL-007,4200.0,3440.4,35.0,45.0,0.4,1703.44,1703.44
604,WELL-007,4250.0,3481.4,35.0,45.0,0.4,1723.71,1723.71
605,WELL-008,0.0,0.0,0.0,45.0,0.0,0.0,0.0
606,WELL-008,50.0,50.0,0.0,45.0,0.0,0.0,0.0
607,WELL-008,100.0,100.0,0.0,45.0,0.0,0.0,0.0
608,WELL-008,150.0,150.0,0.0,45.0,0.0,0.0,0.0
609,WELL-008,200.0,200.0,0.0,45.0,0.0,0.0,0.0
610,WELL-008,250.0,250.0,0.0,45.0,0.0,0.0,0.0
611,WELL-008,300.0,300.0,0.0,45.0,0.0,0.0,0.0
612,WELL-008,350.0,350.0,0.0,45.0,0.0,0.0,0.0
613,WELL-008,400.0,400.0,0.0,45.0,0.0,0.0,0.0
614,WELL-008,450.0,450.0,0.0,45.0,0.0,0.0,0.0
615,WELL-008,500.0,500.0,0.0,45.0,0.0,0.0,0.0
616,WELL-008,550.0,550.0,0.0,45.0,0.0,0.0,0.0
617,WELL-008,600.0,600.0,0.0,45.0,0.0,0.0,0.0
618,WELL-008,650.0,650.0,0.0,45.0,0.0,0.0,0.0
619,WELL-008,700.0,700.0,0.0,45.0,0.0,0.0,0.0
620,WELL-008,750.0,750.0,0.0,45.0,0.0,0.0,0.0
621,WELL-008,800.0,800.0,0.0,45.0,0.0,0.0,0.0
622,WELL-008,850.0,850.0,0.0,45.0,0.0,0.0,0.0
623,WELL-008,900.0,900.0,0.0,45.0,0.0,0.0,0.0
624,WELL-008,950.0,950.0,0.0,45.0,0.0,0.0,0.0
625,WELL-008,1000.0,1000.0,0.0,45.0,0.0,0.0,0.0
626,WELL-008,1050.0,1049.9,0.75,45.0,0.4,9.72,9.72
627,WELL-008,1100.0,1099.6,1.5,45.0,0.4,20.36,20.36
628,WELL-008,1150.0,1149.1,2.25,45.0,0.4,31.93,31.93
629,WELL-008,1200.0,1198.4,3.0,45.0,0.4,44.41,44.41
630,WELL-008,1250.0,1247.3,3.75,45.0,0.4,57.81,57.81
631,WELL-008,1300.0,1296.0,4.5,45.0,0.4,72.12,72.12
632,WELL-008,1350.0,1344.3,5.25,45.0,0.4,87.35,87.35
633,WELL-008,1400.0,1392.3,6.0,45.0,0.4,103.48,103.48
634,WELL-008,1450.0,1439.9,6.75,45.0,0.4,120.51,120.51
635,WELL-008,1500.0,1487.2,7.5,45.0,0.4,138.44,138.44
636,WELL-008,1550.0,1534.0,8.25,45.0,0.4,157.27,157.27
637,WELL-008,1600.0,1580.3,9.0,45.0,0.4,176.99,176.99
638,WELL-008,1650.0,1626.2,9.75,45.0,0.4,197.58,197.58
639,WELL-008,1700.0,1671.5,10.5,45.0,0.4,219.06,219.06
640,WELL-008,1750.0,1716.4,11.25,45.0,0.4,241.41,241.41
641,WELL-008,1800.0,1760.7,12.0,45.0,0.4,264.63,264.63
642,WELL-008,1850.0,1804.4,12.75,45.0,0.4,288.7,288.7
643,WELL-008,1900.0,1847.5,13.5,45.0,0.4,313.63,313.63
644,WELL-008,1950.0,1890.0,14.25,45.0,0.4,339.41,339.41
645,WELL-008,2000.0,1931.9,15.0,45.0,0.4,366.03,366.03
646,WELL-008,2050.0,1973.0,15.75,45.0,0.4,393.47,393.47
647,WELL-008,2100.0,2013.5,16.5,45.0,0.4,421.74,421.74
648,WELL-008,2150.0,2053.3,17.25,45.0,0.4,450.83,450.83
649,WELL-008,2200.0,2092.3,18.0,45.0,0.4,480.72,480.72
650,WELL-008,2250.0,2130.6,18.75,45.0,0.4,511.41,511.41
651,WELL-008,2300.0,2168.1,19.5,45.0,0.4,542.89,542.89
652,WELL-008,2350.0,2204.7,20.25,45.0,0.4,575.14,575.14
653,WELL-008,2400.0,2240.6,21.0,45.0,0.4,608.17,608.17
654,WELL-008,2450.0,2275.6,21.75,45.0,0.4,641.96,641.96
655,WELL-008,2500.0,2309.7,22.5,45.0,0.4,676.5,676.5
656,WELL-008,2550.0,2342.9,23.25,45.0,0.4,711.77,711.77
657,WELL-008,2600.0,2375.2,24.0,45.0,0.4,747.78,747.78
658,WELL-008,2650.0,2406.6,24.75,45.0,0.4,784.5,784.5
659,WELL-008,2700.0,2437.0,25.5,45.0,0.4,821.93,821.93
660,WELL-008,2750.0,2466.4,26.25,45.0,0.4,860.05,860.05
661,WELL-008,2800.0,2494.8,27.0,45.0,0.4,898.86,898.86
662,WELL-008,2850.0,2522.2,27.75,45.0,0.4,938.33,938.33
663,WELL-008,2900.0,2548.6,28.5,45.0,0.4,978.47,978.47
664,WELL-008,2950.0,2573.9,29.25,45.0,0.4,1019.25,1019.25
665,WELL-008,3000.0,2598.1,30.0,45.0,0.4,1060.66,1060.66
666,WELL-008,3050.0,2621.2,30.75,45.0,0.4,1102.69,1102.69
667,WELL-008,3100.0,2643.2,31.5,45.0,0.4,1145.33,1145.33
668,WELL-008,3150.0,2664.0,32.25,45.0,0.4,1188.57,1188.57
669,WELL-008,3200.0,2683.7,33.0,45.0,0.4,1232.38,1232.38
670,WELL-008,3250.0,2702.3,33.75,45.0,0.4,1276.75,1276.75
671,WELL-008,3300.0,2719.6,34.5,45.0,0.4,1321.68,1321.68
672,WELL-008,3350.0,2744.2,35.0,45.0,0.4,1358.69,1358.69
673,WELL-008,3400.0,2785.1,35.0,45.0,0.4,1378.97,1378.97
674,WELL-008,3450.0,2826.1,35.0,45.0,0.4,1399.25,1399.25
675,WELL-008,3500.0,2867.0,35.0,45.0,0.4,1419.53,1419.53
676,WELL-008,3550.0,2908.0,35.0,45.0,0.4,1439.81,1439.81
677,WELL-008,3600.0,2948.9,35.0,45.0,0.4,1460.09,1460.09
678,WELL-008,3650.0,2989.9,35.0,45.0,0.4,1480.37,1480.37
679,WELL-008,3700.0,3030.9,35.0,45.0,0.4,1500.65,1500.65
680,WELL-008,3750.0,3071.8,35.0,45.0,0.4,1520.92,1520.92
681,WELL-008,3800.0,3112.8,35.0,45.0,0.4,1541.2,1541.2
682,WELL-008,3850.0,3153.7,35.0,45.0,0.4,1561.48,1561.48
683,WELL-008,3900.0,3194.7,35.0,45.0,0.4,1581.76,1581.76
684,WELL-008,3950.0,3235.7,35.0,45.0,0.4,1602.04,1602.04
685,WELL-008,4000.0,3276.6,35.0,45.0,0.4,1622.32,1622.32
686,WELL-008,4050.0,3317.6,35.0,45.0,0.4,1642.6,1642.6
687,WELL-008,4100.0,3358.5,35.0,45.0,0.4,1662.88,1662.88
688,WELL-008,4150.0,3399.5,35.0,45.0,0.4,1683.16,1683.16
689,WELL-008,4200.0,3440.4,35.0,45.0,0.4,1703.44,1703.44
690,WELL-008,4250.0,3481.4,35.0,45.0,0.4,1723.71,1723.71
691,WELL-008,4300.0,3522.4,35.0,45.0,0.4,1743.99,1743.99
692,WELL-008,4350.0,3563.3,35.0,45.0,0.4,1764.27,1764.27
693,WELL-008,4400.0,3604.3,35.0,45.0,0.4,1784.55,1784.55
694,WELL-008,4450.0,3645.2,35.0,45.0,0.4,1804.83,1804.83
695,WELL-008,4500.0,3686.2,35.0,45.0,0.4,1825.11,1825.11
696,WELL-008,4550.0,3727.1,35.0,45.0,0.4,1845.39,1845.39
697,WELL-008,4600.0,3768.1,35.0,45.0,0.4,1865.67,1865.67
698,WELL-008,4650.0,3809.1,35.0,45.0,0.4,1885.95,1885.95
699,WELL-009,0.0,0.0,0.0,45.0,0.0,0.0,0.0
700,WELL-009,50.0,50.0,0.0,45.0,0.0,0.0,0.0
701,WELL-009,100.0,100.0,0.0,45.0,0.0,0.0,0.0
702,WELL-009,150.0,150.0,0.0,45.0,0.0,0.0,0.0
703,WELL-009,200.0,200.0,0.0,45.0,0.0,0.0,0.0
704,WELL-009,250.0,250.0,0.0,45.0,0.0,0.0,0.0
705,WELL-009,300.0,300.0,0.0,45.0,0.0,0.0,0.0
706,WELL-009,350.0,350.0,0.0,45.0,0.0,0.0,0.0
707,WELL-009,400.0,400.0,0.0,45.0,0.0,0.0,0.0
708,WELL-009,450.0,450.0,0.0,45.0,0.0,0.0,0.0
709,WELL-009,500.0,500.0,0.0,45.0,0.0,0.0,0.0
710,WELL-009,550.0,550.0,0.0,45.0,0.0,0.0,0.0
711,WELL-009,600.0,600.0,0.0,45.0,0.0,0.0,0.0
712,WELL-009,650.0,650.0,0.0,45.0,0.0,0.0,0.0
713,WELL-009,700.0,700.0,0.0,45.0,0.0,0.0,0.0
714,WELL-009,750.0,750.0,0.0,45.0,0.0,0.0,0.0
715,WELL-009,800.0,800.0,0.0,45.0,0.0,0.0,0.0
716,WELL-009,850.0,850.0,0.0,45.0,0.0,0.0,0.0
717,WELL-009,900.0,900.0,0.0,45.0,0.0,0.0,0.0
718,WELL-009,950.0,950.0,0.0,45.0,0.0,0.0,0.0
719,WELL-009,1000.0,1000.0,0.0,45.0,0.0,0.0,0.0
720,WELL-009,1050.0,1049.9,0.75,45.0,0.4,9.72,9.72
721,WELL-009,1100.0,1099.6,1.5,45.0,0.4,20.36,20.36
722,WELL-009,1150.0,1149.1,2.25,45.0,0.4,31.93,31.93
723,WELL-009,1200.0,1198.4,3.0,45.0,0.4,44.41,44.41
724,WELL-009,1250.0,1247.3,3.75,45.0,0.4,57.81,57.81
725,WELL-009,1300.0,1296.0,4.5,45.0,0.4,72.12,72.12
726,WELL-009,1350.0,1344.3,5.25,45.0,0.4,87.35,87.35
727,WELL-009,1400.0,1392.3,6.0,45.0,0.4,103.48,103.48
728,WELL-009,1450.0,1439.9,6.75,45.0,0.4,120.51,120.51
729,WELL-009,1500.0,1487.2,7.5,45.0,0.4,138.44,138.44
730,WELL-009,1550.0,1534.0,8.25,45.0,0.4,157.27,157.27
731,WELL-009,1600.0,1580.3,9.0,45.0,0.4,176.99,176.99
732,WELL-009,1650.0,1626.2,9.75,45.0,0.4,197.58,197.58
733,WELL-009,1700.0,1671.5,10.5,45.0,0.4,219.06,219.06
734,WELL-009,1750.0,1716.4,11.25,45.0,0.4,241.41,241.41
735,WELL-009,1800.0,1760.7,12.0,45.0,0.4,264.63,264.63
736,WELL-009,1850.0,1804.4,12.75,45.0,0.4,288.7,288.7
737,WELL-009,1900.0,1847.5,13.5,45.0,0.4,313.63,313.63
738,WELL-009,1950.0,1890.0,14.25,45.0,0.4,339.41,339.41
739,WELL-009,2000.0,1931.9,15.0,45.0,0.4,366.03,366.03
740,WELL-009,2050.0,1973.0,15.75,45.0,0.4,393.47,393.47
741,WELL-009,2100.0,2013.5,16.5,45.0,0.4,421.74,421.74
742,WELL-009,2150.0,2053.3,17.25,45.0,0.4,450.83,450.83
743,WELL-009,2200.0,2092.3,18.0,45.0,0.4,480.72,480.72
744,WELL-009,2250.0,2130.6,18.75,45.0,0.4,511.41,511.41
745,WELL-009,2300.0,2168.1,19.5,45.0,0.4,542.89,542.89
746,WELL-009,2350.0,2204.7,20.25,45.0,0.4,575.14,575.14
747,WELL-009,2400.0,2240.6,21.0,45.0,0.4,608.17,608.17
748,WELL-009,2450.0,2275.6,21.75,45.0,0.4,641.96,641.96
749,WELL-009,2500.0,2309.7,22.5,45.0,0.4,676.5,676.5
750,WELL-009,2550.0,2342.9,23.25,45.0,0.4,711.77,711.77
751,WELL-009,2600.0,2375.2,24.0,45.0,0.4,747.78,747.78
752,WELL-009,2650.0,2406.6,24.75,45.0,0.4,784.5,784.5
753,WELL-009,2700.0,2437.0,25.5,45.0,0.4,821.93,821.93
754,WELL-009,2750.0,2466.4,26.25,45.0,0.4,860.05,860.05
755,WELL-009,2800.0,2494.8,27.0,45.0,0.4,898.86,898.86
756,WELL-009,2850.0,2522.2,27.75,45.0,0.4,938.33,938.33
757,WELL-009,2900.0,2548.6,28.5,45.0,0.4,978.47,978.47
758,WELL-009,2950.0,2573.9,29.25,45.0,0.4,1019.25,1019.25
759,WELL-009,3000.0,2598.1,30.0,45.0,0.4,1060.66,1060.66
760,WELL-009,3050.0,2621.2,30.75,45.0,0.4,1102.69,1102.69
761,WELL-009,3100.0,2643.2,31.5,45.0,0.4,1145.33,1145.33
762,WELL-009,3150.0,2664.0,32.25,45.0,0.4,1188.57,1188.57
763,WELL-009,3200.0,2683.7,33.0,45.0,0.4,1232.38,1232.38
764,WELL-009,3250.0,2702.3,33.75,45.0,0.4,1276.75,1276.75
765,WELL-009,3300.0,2719.6,34.5,45.0,0.4,1321.68,1321.68
766,WELL-009,3350.0,2744.2,35.0,45.0,0.4,1358.69,1358.69
767,WELL-009,3400.0,2785.1,35.0,45.0,0.4,1378.97,1378.97
768,WELL-009,3450.0,2826.1,35.0,45.0,0.4,1399.25,1399.25
769,WELL-009,3500.0,2867.0,35.0,45.0,0.4,1419.53,1419.53
770,WELL-009,3550.0,2908.0,35.0,45.0,0.4,1439.81,1439.81
771,WELL-009,3600.0,2948.9,35.0,45.0,0.4,1460.09,1460.09
772,WELL-009,3650.0,2989.9,35.0,45.0,0.4,1480.37,1480.37
773,WELL-009,3700.0,3030.9,35.0,45.0,0.4,1500.65,1500.65
774,WELL-009,3750.0,3071.8,35.0,45.0,0.4,1520.92,1520.92
775,WELL-009,3800.0,3112.8,35.0,45.0,0.4,1541.2,1541.2
776,WELL-009,3850.0,3153.7,35.0,45.0,0.4,1561.48,1561.48
777,WELL-009,3900.0,3194.7,35.0,45.0,0.4,1581.76,1581.76
778,WELL-009,3950.0,3235.7,35.0,45.0,0.4,1602.04,1602.04
779,WELL-009,4000.0,3276.6,35.0,45.0,0.4,1622.32,1622.32
780,WELL-009,4050.0,3317.6,35.0,45.0,0.4,1642.6,1642.6
781,WELL-009,4100.0,3358.5,35.0,45.0,0.4,1662.88,1662.88
782,WELL-009,4150.0,3399.5,35.0,45.0,0.4,1683.16,1683.16
783,WELL-009,4200.0,3440.4,35.0,45.0,0.4,1703.44,1703.44
784,WELL-009,4250.0,3481.4,35.0,45.0,0.4,1723.71,1723.71
785,WELL-009,4300.0,3522.4,35.0,45.0,0.4,1743.99,1743.99
786,WELL-009,4350.0,3563.3,35.0,45.0,0.4,1764.27,1764.27
787,WELL-009,4400.0,3604.3,35.0,45.0,0.4,1784.55,1784.55
788,WELL-009,4450.0,3645.2,35.0,45.0,0.4,1804.83,1804.83
789,WELL-009,4500.0,3686.2,35.0,45.0,0.4,1825.11,1825.11
790,WELL-009,4550.0,3727.1,35.0,45.0,0.4,1845.39,1845.39
791,WELL-009,4600.0,3768.1,35.0,45.0,0.4,1865.67,1865.67
792,WELL-009,4650.0,3809.1,35.0,45.0,0.4,1885.95,1885.95
793,WELL-010,0.0,0.0,0.0,45.0,0.0,0.0,0.0
794,WELL-010,50.0,50.0,0.0,45.0,0.0,0.0,0.0
795,WELL-010,100.0,100.0,0.0,45.0,0.0,0.0,0.0
796,WELL-010,150.0,150.0,0.0,45.0,0.0,0.0,0.0
797,WELL-010,200.0,200.0,0.0,45.0,0.0,0.0,0.0
798,WELL-010,250.0,250.0,0.0,45.0,0.0,0.0,0.0
799,WELL-010,300.0,300.0,0.0,45.0,0.0,0.0,0.0
800,WELL-010,350.0,350.0,0.0,45.0,0.0,0.0,0.0
801,WELL-010,400.0,400.0,0.0,45.0,0.0,0.0,0.0
802,WELL-010,450.0,450.0,0.0,45.0,0.0,0.0,0.0
803,WELL-010,500.0,500.0,0.0,45.0,0.0,0.0,0.0
804,WELL-010,550.0,550.0,0.0,45.0,0.0,0.0,0.0
805,WELL-010,600.0,600.0,0.0,45.0,0.0,0.0,0.0
806,WELL-010,650.0,650.0,0.0,45.0,0.0,0.0,0.0
807,WELL-010,700.0,700.0,0.0,45.0,0.0,0.0,0.0
808,WELL-010,750.0,750.0,0.0,45.0,0.0,0.0,0.0
809,WELL-010,800.0,800.0,0.0,45.0,0.0,0.0,0.0
810,WELL-010,850.0,850.0,0.0,45.0,0.0,0.0,0.0
811,WELL-010,900.0,900.0,0.0,45.0,0.0,0.0,0.0
812,WELL-010,950.0,950.0,0.0,45.0,0.0,0.0,0.0
813,WELL-010,1000.0,1000.0,0.0,45.0,0.0,0.0,0.0
814,WELL-010,1050.0,1049.9,0.75,45.0,0.4,9.72,9.72
815,WELL-010,1100.0,1099.6,1.5,45.0,0.4,20.36,20.36
816,WELL-010,1150.0,1149.1,2.25,45.0,0.4,31.93,31.93
817,WELL-010,1200.0,1198.4,3.0,45.0,0.4,44.41,44.41
818,WELL-010,1250.0,1247.3,3.75,45.0,0.4,57.81,57.81
819,WELL-010,1300.0,1296.0,4.5,45.0,0.4,72.12,72.12
820,WELL-010,1350.0,1344.3,5.25,45.0,0.4,87.35,87.35
821,WELL-010,1400.0,1392.3,6.0,45.0,0.4,103.48,103.48
822,WELL-010,1450.0,1439.9,6.75,45.0,0.4,120.51,120.51
823,WELL-010,1500.0,1487.2,7.5,45.0,0.4,138.44,138.44
824,WELL-010,1550.0,1534.0,8.25,45.0,0.4,157.27,157.27
825,WELL-010,1600.0,1580.3,9.0,45.0,0.4,176.99,176.99
826,WELL-010,1650.0,1626.2,9.75,45.0,0.4,197.58,197.58
827,WELL-010,1700.0,1671.5,10.5,45.0,0.4,219.06,219.06
828,WELL-010,1750.0,1716.4,11.25,45.0,0.4,241.41,241.41
829,WELL-010,1800.0,1760.7,12.0,45.0,0.4,264.63,264.63
830,WELL-010,1850.0,1804.4,12.75,45.0,0.4,288.7,288.7
831,WELL-010,1900.0,1847.5,13.5,45.0,0.4,313.63,313.63
832,WELL-010,1950.0,1890.0,14.25,45.0,0.4,339.41,339.41
833,WELL-010,2000.0,1931.9,15.0,45.0,0.4,366.03,366.03
834,WELL-010,2050.0,1973.0,15.75,45.0,0.4,393.47,393.47
835,WELL-010,2100.0,2013.5,16.5,45.0,0.4,421.74,421.74
836,WELL-010,2150.0,2053.3,17.25,45.0,0.4,450.83,450.83
837,WELL-010,2200.0,2092.3,18.0,45.0,0.4,480.72,480.72
838,WELL-010,2250.0,2130.6,18.75,45.0,0.4,511.41,511.41
839,WELL-010,2300.0,2168.1,19.5,45.0,0.4,542.89,542.89
840,WELL-010,2350.0,2204.7,20.25,45.0,0.4,575.14,575.14
841,WELL-010,2400.0,2240.6,21.0,45.0,0.4,608.17,608.17
842,WELL-010,2450.0,2275.6,21.75,45.0,0.4,641.96,641.96
843,WELL-010,2500.0,2309.7,22.5,45.0,0.4,676.5,676.5
844,WELL-010,2550.0,2342.9,23.25,45.0,0.4,711.77,711.77
845,WELL-010,2600.0,2375.2,24.0,45.0,0.4,747.78,747.78
846,WELL-010,2650.0,2406.6,24.75,45.0,0.4,784.5,784.5
847,WELL-010,2700.0,2437.0,25.5,45.0,0.4,821.93,821.93
848,WELL-010,2750.0,2466.4,26.25,45.0,0.4,860.05,860.05
849,WELL-010,2800.0,2494.8,27.0,45.0,0.4,898.86,898.86
850,WELL-010,2850.0,2522.2,27.75,45.0,0.4,938.33,938.33
851,WELL-010,2900.0,2548.6,28.5,45.0,0.4,978.47,978.47
852,WELL-010,2950.0,2573.9,29.25,45.0,0.4,1019.25,1019.25
853,WELL-010,3000.0,2598.1,30.0,45.0,0.4,1060.66,1060.66
854,WELL-010,3050.0,2621.2,30.75,45.0,0.4,1102.69,1102.69
855,WELL-010,3100.0,2643.2,31.5,45.0,0.4,1145.33,1145.33
856,WELL-010,3150.0,2664.0,32.25,45.0,0.4,1188.57,1188.57
857,WELL-010,3200.0,2683.7,33.0,45.0,0.4,1232.38,1232.38
858,WELL-010,3250.0,2702.3,33.75,45.0,0.4,1276.75,1276.75
859,WELL-010,3300.0,2719.6,34.5,45.0,0.4,1321.68,1321.68
860,WELL-010,3350.0,2744.2,35.0,45.0,0.4,1358.69,1358.69
861,WELL-010,3400.0,2785.1,35.0,45.0,0.4,1378.97,1378.97
862,WELL-010,3450.0,2826.1,35.0,45.0,0.4,1399.25,1399.25
863,WELL-010,3500.0,2867.0,35.0,45.0,0.4,1419.53,1419.53
864,WELL-010,3550.0,2908.0,35.0,45.0,0.4,1439.81,1439.81
865,WELL-010,3600.0,2948.9,35.0,45.0,0.4,1460.09,1460.09
866,WELL-010,3650.0,2989.9,35.0,45.0,0.4,1480.37,1480.37
867,WELL-010,3700.0,3030.9,35.0,45.0,0.4,1500.65,1500.65
868,WELL-010,3750.0,3071.8,35.0,45.0,0.4,1520.92,1520.92
869,WELL-010,3800.0,3112.8,35.0,45.0,0.4,1541.2,1541.2
870,WELL-010,3850.0,3153.7,35.0,45.0,0.4,1561.48,1561.48
871,WELL-010,3900.0,3194.7,35.0,45.0,0.4,1581.76,1581.76
872,WELL-010,3950.0,3235.7,35.0,45.0,0.4,1602.04,1602.04
873,WELL-010,4000.0,3276.6,35.0,45.0,0.4,1622.32,1622.32
874,WELL-010,4050.0,3317.6,35.0,45.0,0.4,1642.6,1642.6
875,WELL-010,4100.0,3358.5,35.0,45.0,0.4,1662.88,1662.88
876,WELL-010,4150.0,3399.5,35.0,45.0,0.4,1683.16,1683.16
877,WELL-010,4200.0,3440.4,35.0,45.0,0.4,1703.44,1703.44
878,WELL-010,4250.0,3481.4,35.0,45.0,0.4,1723.71,1723.71
879,WELL-011,0.0,0.0,0.0,45.0,0.0,0.0,0.0
880,WELL-011,50.0,50.0,0.0,45.0,0.0,0.0,0.0
881,WELL-011,100.0,100.0,0.0,45.0,0.0,0.0,0.0
882,WELL-011,150.0,150.0,0.0,45.0,0.0,0.0,0.0
883,WELL-011,200.0,200.0,0.0,45.0,0.0,0.0,0.0
884,WELL-011,250.0,250.0,0.0,45.0,0.0,0.0,0.0
885,WELL-011,300.0,300.0,0.0,45.0,0.0,0.0,0.0
886,WELL-011,350.0,350.0,0.0,45.0,0.0,0.0,0.0
887,WELL-011,400.0,400.0,0.0,45.0,0.0,0.0,0.0
888,WELL-011,450.0,450.0,0.0,45.0,0.0,0.0,0.0
889,WELL-011,500.0,500.0,0.0,45.0,0.0,0.0,0.0
890,WELL-011,550.0,550.0,0.0,45.0,0.0,0.0,0.0
891,WELL-011,600.0,600.0,0.0,45.0,0.0,0.0,0.0
892,WELL-011,650.0,650.0,0.0,45.0,0.0,0.0,0.0
893,WELL-011,700.0,700.0,0.0,45.0,0.0,0.0,0.0
894,WELL-011,750.0,750.0,0.0,45.0,0.0,0.0,0.0
895,WELL-011,800.0,800.0,0.0,45.0,0.0,0.0,0.0
896,WELL-011,850.0,850.0,0.0,45.0,0.0,0.0,0.0
897,WELL-011,900.0,900.0,0.0,45.0,0.0,0.0,0.0
898,WELL-011,950.0,950.0,0.0,45.0,0.0,0.0,0.0
899,WELL-011,1000.0,1000.0,0.0,45.0,0.0,0.0,0.0
900,WELL-011,1050.0,1049.9,0.75,45.0,0.4,9.72,9.72
901,WELL-011,1100.0,1099.6,1.5,45.0,0.4,20.36,20.36
902,WELL-011,1150.0,1149.1,2.25,45.0,0.4,31.93,31.93
903,WELL-011,1200.0,1198.4,3.0,45.0,0.4,44.41,44.41
904,WELL-011,1250.0,1247.3,3.75,45.0,0.4,57.81,57.81
905,WELL-011,1300.0,1296.0,4.5,45.0,0.4,72.12,72.12
906,WELL-011,1350.0,1344.3,5.25,45.0,0.4,87.35,87.35
907,WELL-011,1400.0,1392.3,6.0,45.0,0.4,103.48,103.48
908,WELL-011,1450.0,1439.9,6.75,45.0,0.4,120.51,120.51
909,WELL-011,1500.0,1487.2,7.5,45.0,0.4,138.44,138.44
910,WELL-011,1550.0,1534.0,8.25,45.0,0.4,157.27,157.27
911,WELL-011,1600.0,1580.3,9.0,45.0,0.4,176.99,176.99
912,WELL-011,1650.0,1626.2,9.75,45.0,0.4,197.58,197.58
913,WELL-011,1700.0,1671.5,10.5,45.0,0.4,219.06,219.06
914,WELL-011,1750.0,1716.4,11.25,45.0,0.4,241.41,241.41
915,WELL-011,1800.0,1760.7,12.0,45.0,0.4,264.63,264.63
916,WELL-011,1850.0,1804.4,12.75,45.0,0.4,288.7,288.7
917,WELL-011,1900.0,1847.5,13.5,45.0,0.4,313.63,313.63
918,WELL-011,1950.0,1890.0,14.25,45.0,0.4,339.41,339.41
919,WELL-011,2000.0,1931.9,15.0,45.0,0.4,366.03,366.03
920,WELL-011,2050.0,1973.0,15.75,45.0,0.4,393.47,393.47
921,WELL-011,2100.0,2013.5,16.5,45.0,0.4,421.74,421.74
922,WELL-011,2150.0,2053.3,17.25,45.0,0.4,450.83,450.83
923,WELL-011,2200.0,2092.3,18.0,45.0,0.4,480.72,480.72
924,WELL-011,2250.0,2130.6,18.75,45.0,0.4,511.41,511.41
925,WELL-011,2300.0,2168.1,19.5,45.0,0.4,542.89,542.89
926,WELL-011,2350.0,2204.7,20.25,45.0,0.4,575.14,575.14
927,WELL-011,2400.0,2240.6,21.0,45.0,0.4,608.17,608.17
928,WELL-011,2450.0,2275.6,21.75,45.0,0.4,641.96,641.96
929,WELL-011,2500.0,2309.7,22.5,45.0,0.4,676.5,676.5
930,WELL-011,2550.0,2342.9,23.25,45.0,0.4,711.77,711.77
931,WELL-011,2600.0,2375.2,24.0,45.0,0.4,747.78,747.78
932,WELL-011,2650.0,2406.6,24.75,45.0,0.4,784.5,784.5
933,WELL-011,2700.0,2437.0,25.5,45.0,0.4,821.93,821.93
934,WELL-011,2750.0,2466.4,26.25,45.0,0.4,860.05,860.05
935,WELL-011,2800.0,2494.8,27.0,45.0,0.4,898.86,898.86
936,WELL-011,2850.0,2522.2,27.75,45.0,0.4,938.33,938.33
937,WELL-011,2900.0,2548.6,28.5,45.0,0.4,978.47,978.47
938,WELL-011,2950.0,2573.9,29.25,45.0,0.4,1019.25,1019.25
939,WELL-011,3000.0,2598.1,30.0,45.0,0.4,1060.66,1060.66
940,WELL-011,3050.0,2621.2,30.75,45.0,0.4,1102.69,1102.69
941,WELL-011,3100.0,2643.2,31.5,45.0,0.4,1145.33,1145.33
942,WELL-011,3150.0,2664.0,32.25,45.0,0.4,1188.57,1188.57
943,WELL-011,3200.0,2683.7,33.0,45.0,0.4,1232.38,1232.38
944,WELL-011,3250.0,2702.3,33.75,45.0,0.4,1276.75,1276.75
945,WELL-011,3300.0,2719.6,34.5,45.0,0.4,1321.68,1321.68
946,WELL-011,3350.0,2744.2,35.0,45.0,0.4,1358.69,1358.69
947,WELL-011,3400.0,2785.1,35.0,45.0,0.4,1378.97,1378.97
948,WELL-011,3450.0,2826.1,35.0,45.0,0.4,1399.25,1399.25
949,WELL-011,3500.0,2867.0,35.0,45.0,0.4,1419.53,1419.53
950,WELL-011,3550.0,2908.0,35.0,45.0,0.4,1439.81,1439.81
951,WELL-011,3600.0,2948.9,35.0,45.0,0.4,1460.09,1460.09
952,WELL-011,3650.0,2989.9,35.0,45.0,0.4,1480.37,1480.37
953,WELL-011,3700.0,3030.9,35.0,45.0,0.4,1500.65,1500.65
954,WELL-011,3750.0,3071.8,35.0,45.0,0.4,1520.92,1520.92
955,WELL-011,3800.0,3112.8,35.0,45.0,0.4,1541.2,1541.2
956,WELL-011,3850.0,3153.7,35.0,45.0,0.4,1561.48,1561.48
957,WELL-011,3900.0,3194.7,35.0,45.0,0.4,1581.76,1581.76
958,WELL-011,3950.0,3235.7,35.0,45.0,0.4,1602.04,1602.04
959,WELL-011,4000.0,3276.6,35.0,45.0,0.4,1622.32,1622.32
960,WELL-011,4050.0,3317.6,35.0,45.0,0.4,1642.6,1642.6
961,WELL-011,4100.0,3358.5,35.0,45.0,0.4,1662.88,1662.88
962,WELL-012,0.0,0.0,0.0,45.0,0.0,0.0,0.0
963,WELL-012,50.0,50.0,0.0,45.0,0.0,0.0,0.0
964,WELL-012,100.0,100.0,0.0,45.0,0.0,0.0,0.0
965,WELL-012,150.0,150.0,0.0,45.0,0.0,0.0,0.0
966,WELL-012,200.0,200.0,0.0,45.0,0.0,0.0,0.0
967,WELL-012,250.0,250.0,0.0,45.0,0.0,0.0,0.0
968,WELL-012,300.0,300.0,0.0,45.0,0.0,0.0,0.0
969,WELL-012,350.0,350.0,0.0,45.0,0.0,0.0,0.0
970,WELL-012,400.0,400.0,0.0,45.0,0.0,0.0,0.0
971,WELL-012,450.0,450.0,0.0,45.0,0.0,0.0,0.0
972,WELL-012,500.0,500.0,0.0,45.0,0.0,0.0,0.0
973,WELL-012,550.0,550.0,0.0,45.0,0.0,0.0,0.0
974,WELL-012,600.0,600.0,0.0,45.0,0.0,0.0,0.0
975,WELL-012,650.0,650.0,0.0,45.0,0.0,0.0,0.0
976,WELL-012,700.0,700.0,0.0,45.0,0.0,0.0,0.0
977,WELL-012,750.0,750.0,0.0,45.0,0.0,0.0,0.0
978,WELL-012,800.0,800.0,0.0,45.0,0.0,0.0,0.0
979,WELL-012,850.0,850.0,0.0,45.0,0.0,0.0,0.0
980,WELL-012,900.0,900.0,0.0,45.0,0.0,0.0,0.0
981,WELL-012,950.0,950.0,0.0,45.0,0.0,0.0,0.0
982,WELL-012,1000.0,1000.0,0.0,45.0,0.0,0.0,0.0
983,WELL-012,1050.0,1049.9,0.75,45.0,0.4,9.72,9.72
984,WELL-012,1100.0,1099.6,1.5,45.0,0.4,20.36,20.36
985,WELL-012,1150.0,1149.1,2.25,45.0,0.4,31.93,31.93
986,WELL-012,1200.0,1198.4,3.0,45.0,0.4,44.41,44.41
987,WELL-012,1250.0,1247.3,3.75,45.0,0.4,57.81,57.81
988,WELL-012,1300.0,1296.0,4.5,45.0,0.4,72.12,72.12
989,WELL-012,1350.0,1344.3,5.25,45.0,0.4,87.35,87.35
990,WELL-012,1400.0,1392.3,6.0,45.0,0.4,103.48,103.48
991,WELL-012,1450.0,1439.9,6.75,45.0,0.4,120.51,120.51
992,WELL-012,1500.0,1487.2,7.5,45.0,0.4,138.44,138.44
993,WELL-012,1550.0,1534.0,8.25,45.0,0.4,157.27,157.27
994,WELL-012,1600.0,1580.3,9.0,45.0,0.4,176.99,176.99
995,WELL-012,1650.0,1626.2,9.75,45.0,0.4,197.58,197.58
996,WELL-012,1700.0,1671.5,10.5,45.0,0.4,219.06,219.06
997,WELL-012,1750.0,1716.4,11.25,45.0,0.4,241.41,241.41
998,WELL-012,1800.0,1760.7,12.0,45.0,0.4,264.63,264.63
999,WELL-012,1850.0,1804.4,12.75,45.0,0.4,288.7,288.7
1000,WELL-012,1900.0,1847.5,13.5,45.0,0.4,313.63,313.63
1001,WELL-012,1950.0,1890.0,14.25,45.0,0.4,339.41,339.41
1002,WELL-012,2000.0,1931.9,15.0,45.0,0.4,366.03,366.03
1003,WELL-012,2050.0,1973.0,15.75,45.0,0.4,393.47,393.47
1004,WELL-012,2100.0,2013.5,16.5,45.0,0.4,421.74,421.74
1005,WELL-012,2150.0,2053.3,17.25,45.0,0.4,450.83,450.83
1006,WELL-012,2200.0,2092.3,18.0,45.0,0.4,480.72,480.72
1007,WELL-012,2250.0,2130.6,18.75,45.0,0.4,511.41,511.41
1008,WELL-012,2300.0,2168.1,19.5,45.0,0.4,542.89,542.89
1009,WELL-012,2350.0,2204.7,20.25,45.0,0.4,575.14,575.14
1010,WELL-012,2400.0,2240.6,21.0,45.0,0.4,608.17,608.17
1011,WELL-012,2450.0,2275.6,21.75,45.0,0.4,641.96,641.96
1012,WELL-012,2500.0,2309.7,22.5,45.0,0.4,676.5,676.5
1013,WELL-012,2550.0,2342.9,23.25,45.0,0.4,711.77,711.77
1014,WELL-012,2600.0,2375.2,24.0,45.0,0.4,747.78,747.78
1015,WELL-012,2650.0,2406.6,24.75,45.0,0.4,784.5,784.5
1016,WELL-012,2700.0,2437.0,25.5,45.0,0.4,821.93,821.93
1017,WELL-012,2750.0,2466.4,26.25,45.0,0.4,860.05,860.05
1018,WELL-012,2800.0,2494.8,27.0,45.0,0.4,898.86,898.86
1019,WELL-012,2850.0,2522.2,27.75,45.0,0.4,938.33,938.33
1020,WELL-012,2900.0,2548.6,28.5,45.0,0.4,978.47,978.47
1021,WELL-012,2950.0,2573.9,29.25,45.0,0.4,1019.25,1019.25
1022,WELL-012,3000.0,2598.1,30.0,45.0,0.4,1060.66,1060.66
1023,WELL-012,3050.0,2621.2,30.75,45.0,0.4,1102.69,1102.69
1024,WELL-012,3100.0,2643.2,31.5,45.0,0.4,1145.33,1145.33
1025,WELL-012,3150.0,2664.0,32.25,45.0,0.4,1188.57,1188.57
1026,WELL-012,3200.0,2683.7,33.0,45.0,0.4,1232.38,1232.38
1027,WELL-012,3250.0,2702.3,33.75,45.0,0.4,1276.75,1276.75
1028,WELL-012,3300.0,2719.6,34.5,45.0,0.4,1321.68,1321.68
1029,WELL-012,3350.0,2744.2,35.0,45.0,0.4,1358.69,1358.69
1030,WELL-012,3400.0,2785.1,35.0,45.0,0.4,1378.97,1378.97
1031,WELL-012,3450.0,2826.1,35.0,45.0,0.4,1399.25,1399.25
1032,WELL-012,3500.0,2867.0,35.0,45.0,0.4,1419.53,1419.53
1033,WELL-012,3550.0,2908.0,35.0,45.0,0.4,1439.81,1439.81
1034,WELL-012,3600.0,2948.9,35.0,45.0,0.4,1460.09,1460.09
1035,WELL-012,3650.0,2989.9,35.0,45.0,0.4,1480.37,1480.37
1036,WELL-012,3700.0,3030.9,35.0,45.0,0.4,1500.65,1500.65
1037,WELL-012,3750.0,3071.8,35.0,45.0,0.4,1520.92,1520.92
1038,WELL-012,3800.0,3112.8,35.0,45.0,0.4,1541.2,1541.2
1039,WELL-012,3850.0,3153.7,35.0,45.0,0.4,1561.48,1561.48
1040,WELL-013,0.0,0.0,0.0,45.0,0.0,0.0,0.0
1041,WELL-013,50.0,50.0,0.0,45.0,0.0,0.0,0.0
1042,WELL-013,100.0,100.0,0.0,45.0,0.0,0.0,0.0
1043,WELL-013,150.0,150.0,0.0,45.0,0.0,0.0,0.0
1044,WELL-013,200.0,200.0,0.0,45.0,0.0,0.0,0.0
1045,WELL-013,250.0,250.0,0.0,45.0,0.0,0.0,0.0
1046,WELL-013,300.0,300.0,0.0,45.0,0.0,0.0,0.0
1047,WELL-013,350.0,350.0,0.0,45.0,0.0,0.0,0.0
1048,WELL-013,400.0,400.0,0.0,45.0,0.0,0.0,0.0
1049,WELL-013,450.0,450.0,0.0,45.0,0.0,0.0,0.0
1050,WELL-013,500.0,500.0,0.0,45.0,0.0,0.0,0.0
1051,WELL-013,550.0,550.0,0.0,45.0,0.0,0.0,0.0
1052,WELL-013,600.0,600.0,0.0,45.0,0.0,0.0,0.0
1053,WELL-013,650.0,650.0,0.0,45.0,0.0,0.0,0.0
1054,WELL-013,700.0,700.0,0.0,45.0,0.0,0.0,0.0
1055,WELL-013,750.0,750.0,0.0,45.0,0.0,0.0,0.0
1056,WELL-013,800.0,800.0,0.0,45.0,0.0,0.0,0.0
1057,WELL-013,850.0,850.0,0.0,45.0,0.0,0.0,0.0
1058,WELL-013,900.0,900.0,0.0,45.0,0.0,0.0,0.0
1059,WELL-013,950.0,950.0,0.0,45.0,0.0,0.0,0.0
1060,WELL-013,1000.0,1000.0,0.0,45.0,0.0,0.0,0.0
1061,WELL-013,1050.0,1049.9,0.75,45.0,0.4,9.72,9.72
1062,WELL-013,1100.0,1099.6,1.5,45.0,0.4,20.36,20.36
1063,WELL-013,1150.0,1149.1,2.25,45.0,0.4,31.93,31.93
1064,WELL-013,1200.0,1198.4,3.0,45.0,0.4,44.41,44.41
1065,WELL-013,1250.0,1247.3,3.75,45.0,0.4,57.81,57.81
1066,WELL-013,1300.0,1296.0,4.5,45.0,0.4,72.12,72.12
1067,WELL-013,1350.0,1344.3,5.25,45.0,0.4,87.35,87.35
1068,WELL-013,1400.0,1392.3,6.0,45.0,0.4,103.48,103.48
1069,WELL-013,1450.0,1439.9,6.75,45.0,0.4,120.51,120.51
1070,WELL-013,1500.0,1487.2,7.5,45.0,0.4,138.44,138.44
1071,WELL-013,1550.0,1534.0,8.25,45.0,0.4,157.27,157.27
1072,WELL-013,1600.0,1580.3,9.0,45.0,0.4,176.99,176.99
1073,WELL-013,1650.0,1626.2,9.75,45.0,0.4,197.58,197.58
1074,WELL-013,1700.0,1671.5,10.5,45.0,0.4,219.06,219.06
1075,WELL-013,1750.0,1716.4,11.25,45.0,0.4,241.41,241.41
1076,WELL-013,1800.0,1760.7,12.0,45.0,0.4,264.63,264.63
1077,WELL-013,1850.0,1804.4,12.75,45.0,0.4,288.7,288.7
1078,WELL-013,1900.0,1847.5,13.5,45.0,0.4,313.63,313.63
1079,WELL-013,1950.0,1890.0,14.25,45.0,0.4,339.41,339.41
1080,WELL-013,2000.0,1931.9,15.0,45.0,0.4,366.03,366.03
1081,WELL-013,2050.0,1973.0,15.75,45.0,0.4,393.47,393.47
1082,WELL-013,2100.0,2013.5,16.5,45.0,0.4,421.74,421.74
1083,WELL-013,2150.0,2053.3,17.25,45.0,0.4,450.83,450.83
1084,WELL-013,2200.0,2092.3,18.0,45.0,0.4,480.72,480.72
1085,WELL-013,2250.0,2130.6,18.75,45.0,0.4,511.41,511.41
1086,WELL-013,2300.0,2168.1,19.5,45.0,0.4,542.89,542.89
1087,WELL-013,2350.0,2204.7,20.25,45.0,0.4,575.14,575.14
1088,WELL-013,2400.0,2240.6,21.0,45.0,0.4,608.17,608.17
1089,WELL-013,2450.0,2275.6,21.75,45.0,0.4,641.96,641.96
1090,WELL-013,2500.0,2309.7,22.5,45.0,0.4,676.5,676.5
1091,WELL-013,2550.0,2342.9,23.25,45.0,0.4,711.77,711.77
1092,WELL-013,2600.0,2375.2,24.0,45.0,0.4,747.78,747.78
1093,WELL-013,2650.0,2406.6,24.75,45.0,0.4,784.5,784.5
1094,WELL-013,2700.0,2437.0,25.5,45.0,0.4,821.93,821.93
1095,WELL-013,2750.0,2466.4,26.25,45.0,0.4,860.05,860.05
1096,WELL-013,2800.0,2494.8,27.0,45.0,0.4,898.86,898.86
1097,WELL-013,2850.0,2522.2,27.75,45.0,0.4,938.33,938.33
1098,WELL-013,2900.0,2548.6,28.5,45.0,0.4,978.47,978.47
1099,WELL-013,2950.0,2573.9,29.25,45.0,0.4,1019.25,1019.25
1100,WELL-013,3000.0,2598.1,30.0,45.0,0.4,1060.66,1060.66
1101,WELL-013,3050.0,2621.2,30.75,45.0,0.4,1102.69,1102.69
1102,WELL-013,3100.0,2643.2,31.5,45.0,0.4,1145.33,1145.33
1103,WELL-013,3150.0,2664.0,32.25,45.0,0.4,1188.57,1188.57
1104,WELL-013,3200.0,2683.7,33.0,45.0,0.4,1232.38,1232.38
1105,WELL-013,3250.0,2702.3,33.75,45.0,0.4,1276.75,1276.75
1106,WELL-013,3300.0,2719.6,34.5,45.0,0.4,1321.68,1321.68
1107,WELL-013,3350.0,2744.2,35.0,45.0,0.4,1358.69,1358.69
1108,WELL-013,3400.0,2785.1,35.0,45.0,0.4,1378.97,1378.97
1109,WELL-013,3450.0,2826.1,35.0,45.0,0.4,1399.25,1399.25
1110,WELL-013,3500.0,2867.0,35.0,45.0,0.4,1419.53,1419.53
1111,WELL-013,3550.0,2908.0,35.0,45.0,0.4,1439.81,1439.81
1112,WELL-013,3600.0,2948.9,35.0,45.0,0.4,1460.09,1460.09
1113,WELL-013,3650.0,2989.9,35.0,45.0,0.4,1480.37,1480.37
1114,WELL-013,3700.0,3030.9,35.0,45.0,0.4,1500.65,1500.65
1115,WELL-013,3750.0,3071.8,35.0,45.0,0.4,1520.92,1520.92
1116,WELL-013,3800.0,3112.8,35.0,45.0,0.4,1541.2,1541.2
1117,WELL-013,3850.0,3153.7,35.0,45.0,0.4,1561.48,1561.48
1118,WELL-013,3900.0,3194.7,35.0,45.0,0.4,1581.76,1581.76
1119,WELL-013,3950.0,3235.7,35.0,45.0,0.4,1602.04,1602.04
1120,WELL-013,4000.0,3276.6,35.0,45.0,0.4,1622.32,1622.32
1121,WELL-013,4050.0,3317.6,35.0,45.0,0.4,1642.6,1642.6
1122,WELL-013,4100.0,3358.5,35.0,45.0,0.4,1662.88,1662.88
1123,WELL-013,4150.0,3399.5,35.0,45.0,0.4,1683.16,1683.16
1124,WELL-013,4200.0,3440.4,35.0,45.0,0.4,1703.44,1703.44
1125,WELL-013,4250.0,3481.4,35.0,45.0,0.4,1723.71,1723.71
1126,WELL-013,4300.0,3522.4,35.0,45.0,0.4,1743.99,1743.99
1127,WELL-013,4350.0,3563.3,35.0,45.0,0.4,1764.27,1764.27
1128,WELL-013,4400.0,3604.3,35.0,45.0,0.4,1784.55,1784.55
1129,WELL-013,4450.0,3645.2,35.0,45.0,0.4,1804.83,1804.83
1130,WELL-013,4500.0,3686.2,35.0,45.0,0.4,1825.11,1825.11
1131,WELL-013,4550.0,3727.1,35.0,45.0,0.4,1845.39,1845.39
1132,WELL-013,4600.0,3768.1,35.0,45.0,0.4,1865.67,1865.67
1133,WELL-013,4650.0,3809.1,35.0,45.0,0.4,1885.95,1885.95
1134,WELL-013,4700.0,3850.0,35.0,45.0,0.4,1906.23,1906.23
1135,WELL-013,4750.0,3891.0,35.0,45.0,0.4,1926.5,1926.5
1136,WELL-013,4800.0,3931.9,35.0,45.0,0.4,1946.78,1946.78
1137,WELL-013,4850.0,3972.9,35.0,45.0,0.4,1967.06,1967.06
1138,WELL-013,4900.0,4013.8,35.0,45.0,0.4,1987.34,1987.34
1139,WELL-014,0.0,0.0,0.0,45.0,0.0,0.0,0.0
1140,WELL-014,50.0,50.0,0.0,45.0,0.0,0.0,0.0
1141,WELL-014,100.0,100.0,0.0,45.0,0.0,0.0,0.0
1142,WELL-014,150.0,150.0,0.0,45.0,0.0,0.0,0.0
1143,WELL-014,200.0,200.0,0.0,45.0,0.0,0.0,0.0
1144,WELL-014,250.0,250.0,0.0,45.0,0.0,0.0,0.0
1145,WELL-014,300.0,300.0,0.0,45.0,0.0,0.0,0.0
1146,WELL-014,350.0,350.0,0.0,45.0,0.0,0.0,0.0
1147,WELL-014,400.0,400.0,0.0,45.0,0.0,0.0,0.0
1148,WELL-014,450.0,450.0,0.0,45.0,0.0,0.0,0.0
1149,WELL-014,500.0,500.0,0.0,45.0,0.0,0.0,0.0
1150,WELL-014,550.0,550.0,0.0,45.0,0.0,0.0,0.0
1151,WELL-014,600.0,600.0,0.0,45.0,0.0,0.0,0.0
1152,WELL-014,650.0,650.0,0.0,45.0,0.0,0.0,0.0
1153,WELL-014,700.0,700.0,0.0,45.0,0.0,0.0,0.0
1154,WELL-014,750.0,750.0,0.0,45.0,0.0,0.0,0.0
1155,WELL-014,800.0,800.0,0.0,45.0,0.0,0.0,0.0
1156,WELL-014,850.0,850.0,0.0,45.0,0.0,0.0,0.0
1157,WELL-014,900.0,900.0,0.0,45.0,0.0,0.0,0.0
1158,WELL-014,950.0,950.0,0.0,45.0,0.0,0.0,0.0
1159,WELL-014,1000.0,1000.0,0.0,45.0,0.0,0.0,0.0
1160,WELL-014,1050.0,1049.9,0.75,45.0,0.4,9.72,9.72
1161,WELL-014,1100.0,1099.6,1.5,45.0,0.4,20.36,20.36
1162,WELL-014,1150.0,1149.1,2.25,45.0,0.4,31.93,31.93
1163,WELL-014,1200.0,1198.4,3.0,45.0,0.4,44.41,44.41
1164,WELL-014,1250.0,1247.3,3.75,45.0,0.4,57.81,57.81
1165,WELL-014,1300.0,1296.0,4.5,45.0,0.4,72.12,72.12
1166,WELL-014,1350.0,1344.3,5.25,45.0,0.4,87.35,87.35
1167,WELL-014,1400.0,1392.3,6.0,45.0,0.4,103.48,103.48
1168,WELL-014,1450.0,1439.9,6.75,45.0,0.4,120.51,120.51
1169,WELL-014,1500.0,1487.2,7.5,45.0,0.4,138.44,138.44
1170,WELL-014,1550.0,1534.0,8.25,45.0,0.4,157.27,157.27
1171,WELL-014,1600.0,1580.3,9.0,45.0,0.4,176.99,176.99
1172,WELL-014,1650.0,1626.2,9.75,45.0,0.4,197.58,197.58
1173,WELL-014,1700.0,1671.5,10.5,45.0,0.4,219.06,219.06
1174,WELL-014,1750.0,1716.4,11.25,45.0,0.4,241.41,241.41
1175,WELL-014,1800.0,1760.7,12.0,45.0,0.4,264.63,264.63
1176,WELL-014,1850.0,1804.4,12.75,45.0,0.4,288.7,288.7
1177,WELL-014,1900.0,1847.5,13.5,45.0,0.4,313.63,313.63
1178,WELL-014,1950.0,1890.0,14.25,45.0,0.4,339.41,339.41
1179,WELL-014,2000.0,1931.9,15.0,45.0,0.4,366.03,366.03
1180,WELL-014,2050.0,1973.0,15.75,45.0,0.4,393.47,393.47
1181,WELL-014,2100.0,2013.5,16.5,45.0,0.4,421.74,421.74
1182,WELL-014,2150.0,2053.3,17.25,45.0,0.4,450.83,450.83
1183,WELL-014,2200.0,2092.3,18.0,45.0,0.4,480.72,480.72
1184,WELL-014,2250.0,2130.6,18.75,45.0,0.4,511.41,511.41
1185,WELL-014,2300.0,2168.1,19.5,45.0,0.4,542.89,542.89
1186,WELL-014,2350.0,2204.7,20.25,45.0,0.4,575.14,575.14
1187,WELL-014,2400.0,2240.6,21.0,45.0,0.4,608.17,608.17
1188,WELL-014,2450.0,2275.6,21.75,45.0,0.4,641.96,641.96
1189,WELL-014,2500.0,2309.7,22.5,45.0,0.4,676.5,676.5
1190,WELL-014,2550.0,2342.9,23.25,45.0,0.4,711.77,711.77
1191,WELL-014,2600.0,2375.2,24.0,45.0,0.4,747.78,747.78
1192,WELL-014,2650.0,2406.6,24.75,45.0,0.4,784.5,784.5
1193,WELL-014,2700.0,2437.0,25.5,45.0,0.4,821.93,821.93
1194,WELL-014,2750.0,2466.4,26.25,45.0,0.4,860.05,860.05
1195,WELL-014,2800.0,2494.8,27.0,45.0,0.4,898.86,898.86
1196,WELL-014,2850.0,2522.2,27.75,45.0,0.4,938.33,938.33
1197,WELL-014,2900.0,2548.6,28.5,45.0,0.4,978.47,978.47
1198,WELL-014,2950.0,2573.9,29.25,45.0,0.4,1019.25,1019.25
1199,WELL-014,3000.0,2598.1,30.0,45.0,0.4,1060.66,1060.66
1200,WELL-014,3050.0,2621.2,30.75,45.0,0.4,1102.69,1102.69
1201,WELL-014,3100.0,2643.2,31.5,45.0,0.4,1145.33,1145.33
1202,WELL-014,3150.0,2664.0,32.25,45.0,0.4,1188.57,1188.57
1203,WELL-014,3200.0,2683.7,33.0,45.0,0.4,1232.38,1232.38
1204,WELL-014,3250.0,2702.3,33.75,45.0,0.4,1276.75,1276.75
1205,WELL-014,3300.0,2719.6,34.5,45.0,0.4,1321.68,1321.68
1206,WELL-014,3350.0,2744.2,35.0,45.0,0.4,1358.69,1358.69
1207,WELL-014,3400.0,2785.1,35.0,45.0,0.4,1378.97,1378.97
1208,WELL-014,3450.0,2826.1,35.0,45.0,0.4,1399.25,1399.25
1209,WELL-014,3500.0,2867.0,35.0,45.0,0.4,1419.53,1419.53
1210,WELL-014,3550.0,2908.0,35.0,45.0,0.4,1439.81,1439.81
1211,WELL-014,3600.0,2948.9,35.0,45.0,0.4,1460.09,1460.09
1212,WELL-014,3650.0,2989.9,35.0,45.0,0.4,1480.37,1480.37
1213,WELL-014,3700.0,3030.9,35.0,45.0,0.4,1500.65,1500.65
1214,WELL-014,3750.0,3071.8,35.0,45.0,0.4,1520.92,1520.92
1215,WELL-014,3800.0,3112.8,35.0,45.0,0.4,1541.2,1541.2
1216,WELL-014,3850.0,3153.7,35.0,45.0,0.4,1561.48,1561.48
1217,WELL-014,3900.0,3194.7,35.0,45.0,0.4,1581.76,1581.76
1218,WELL-014,3950.0,3235.7,35.0,45.0,0.4,1602.04,1602.04
1219,WELL-014,4000.0,3276.6,35.0,45.0,0.4,1622.32,1622.32
1220,WELL-014,4050.0,3317.6,35.0,45.0,0.4,1642.6,1642.6
1221,WELL-014,4100.0,3358.5,35.0,45.0,0.4,1662.88,1662.88
1222,WELL-014,4150.0,3399.5,35.0,45.0,0.4,1683.16,1683.16
1223,WELL-014,4200.0,3440.4,35.0,45.0,0.4,1703.44,1703.44
1224,WELL-014,4250.0,3481.4,35.0,45.0,0.4,1723.71,1723.71
1225,WELL-014,4300.0,3522.4,35.0,45.0,0.4,1743.99,1743.99
1226,WELL-014,4350.0,3563.3,35.0,45.0,0.4,1764.27,1764.27
1227,WELL-014,4400.0,3604.3,35.0,45.0,0.4,1784.55,1784.55
1228,WELL-014,4450.0,3645.2,35.0,45.0,0.4,1804.83,1804.83
1229,WELL-014,4500.0,3686.2,35.0,45.0,0.4,1825.11,1825.11
1230,WELL-014,4550.0,3727.1,35.0,45.0,0.4,1845.39,1845.39
1231,WELL-014,4600.0,3768.1,35.0,45.0,0.4,1865.67,1865.67
1232,WELL-014,4650.0,3809.1,35.0,45.0,0.4,1885.95,1885.95
1233,WELL-015,0.0,0.0,0.0,45.0,0.0,0.0,0.0
1234,WELL-015,50.0,50.0,0.0,45.0,0.0,0.0,0.0
1235,WELL-015,100.0,100.0,0.0,45.0,0.0,0.0,0.0
1236,WELL-015,150.0,150.0,0.0,45.0,0.0,0.0,0.0
1237,WELL-015,200.0,200.0,0.0,45.0,0.0,0.0,0.0
1238,WELL-015,250.0,250.0,0.0,45.0,0.0,0.0,0.0
1239,WELL-015,300.0,300.0,0.0,45.0,0.0,0.0,0.0
1240,WELL-015,350.0,350.0,0.0,45.0,0.0,0.0,0.0
1241,WELL-015,400.0,400.0,0.0,45.0,0.0,0.0,0.0
1242,WELL-015,450.0,450.0,0.0,45.0,0.0,0.0,0.0
1243,WELL-015,500.0,500.0,0.0,45.0,0.0,0.0,0.0
1244,WELL-015,550.0,550.0,0.0,45.0,0.0,0.0,0.0
1245,WELL-015,600.0,600.0,0.0,45.0,0.0,0.0,0.0
1246,WELL-015,650.0,650.0,0.0,45.0,0.0,0.0,0.0
1247,WELL-015,700.0,700.0,0.0,45.0,0.0,0.0,0.0
1248,WELL-015,750.0,750.0,0.0,45.0,0.0,0.0,0.0
1249,WELL-015,800.0,800.0,0.0,45.0,0.0,0.0,0.0
1250,WELL-015,850.0,850.0,0.0,45.0,0.0,0.0,0.0
1251,WELL-015,900.0,900.0,0.0,45.0,0.0,0.0,0.0
1252,WELL-015,950.0,950.0,0.0,45.0,0.0,0.0,0.0
1253,WELL-015,1000.0,1000.0,0.0,45.0,0.0,0.0,0.0
1254,WELL-015,1050.0,1049.9,0.75,45.0,0.4,9.72,9.72
1255,WELL-015,1100.0,1099.6,1.5,45.0,0.4,20.36,20.36
1256,WELL-015,1150.0,1149.1,2.25,45.0,0.4,31.93,31.93
1257,WELL-015,1200.0,1198.4,3.0,45.0,0.4,44.41,44.41
1258,WELL-015,1250.0,1247.3,3.75,45.0,0.4,57.81,57.81
1259,WELL-015,1300.0,1296.0,4.5,45.0,0.4,72.12,72.12
1260,WELL-015,1350.0,1344.3,5.25,45.0,0.4,87.35,87.35
1261,WELL-015,1400.0,1392.3,6.0,45.0,0.4,103.48,103.48
1262,WELL-015,1450.0,1439.9,6.75,45.0,0.4,120.51,120.51
1263,WELL-015,1500.0,1487.2,7.5,45.0,0.4,138.44,138.44
1264,WELL-015,1550.0,1534.0,8.25,45.0,0.4,157.27,157.27
1265,WELL-015,1600.0,1580.3,9.0,45.0,0.4,176.99,176.99
1266,WELL-015,1650.0,1626.2,9.75,45.0,0.4,197.58,197.58
1267,WELL-015,1700.0,1671.5,10.5,45.0,0.4,219.06,219.06
1268,WELL-015,1750.0,1716.4,11.25,45.0,0.4,241.41,241.41
1269,WELL-015,1800.0,1760.7,12.0,45.0,0.4,264.63,264.63
1270,WELL-015,1850.0,1804.4,12.75,45.0,0.4,288.7,288.7
1271,WELL-015,1900.0,1847.5,13.5,45.0,0.4,313.63,313.63
1272,WELL-015,1950.0,1890.0,14.25,45.0,0.4,339.41,339.41
1273,WELL-015,2000.0,1931.9,15.0,45.0,0.4,366.03,366.03
1274,WELL-015,2050.0,1973.0,15.75,45.0,0.4,393.47,393.47
1275,WELL-015,2100.0,2013.5,16.5,45.0,0.4,421.74,421.74
1276,WELL-015,2150.0,2053.3,17.25,45.0,0.4,450.83,450.83
1277,WELL-015,2200.0,2092.3,18.0,45.0,0.4,480.72,480.72
1278,WELL-015,2250.0,2130.6,18.75,45.0,0.4,511.41,511.41
1279,WELL-015,2300.0,2168.1,19.5,45.0,0.4,542.89,542.89
1280,WELL-015,2350.0,2204.7,20.25,45.0,0.4,575.14,575.14
1281,WELL-015,2400.0,2240.6,21.0,45.0,0.4,608.17,608.17
1282,WELL-015,2450.0,2275.6,21.75,45.0,0.4,641.96,641.96
1283,WELL-015,2500.0,2309.7,22.5,45.0,0.4,676.5,676.5
1284,WELL-015,2550.0,2342.9,23.25,45.0,0.4,711.77,711.77
1285,WELL-015,2600.0,2375.2,24.0,45.0,0.4,747.78,747.78
1286,WELL-015,2650.0,2406.6,24.75,45.0,0.4,784.5,784.5
1287,WELL-015,2700.0,2437.0,25.5,45.0,0.4,821.93,821.93
1288,WELL-015,2750.0,2466.4,26.25,45.0,0.4,860.05,860.05
1289,WELL-015,2800.0,2494.8,27.0,45.0,0.4,898.86,898.86
1290,WELL-015,2850.0,2522.2,27.75,45.0,0.4,938.33,938.33
1291,WELL-015,2900.0,2548.6,28.5,45.0,0.4,978.47,978.47
1292,WELL-015,2950.0,2573.9,29.25,45.0,0.4,1019.25,1019.25
1293,WELL-015,3000.0,2598.1,30.0,45.0,0.4,1060.66,1060.66
1294,WELL-015,3050.0,2621.2,30.75,45.0,0.4,1102.69,1102.69
1295,WELL-015,3100.0,2643.2,31.5,45.0,0.4,1145.33,1145.33
1296,WELL-015,3150.0,2664.0,32.25,45.0,0.4,1188.57,1188.57
1297,WELL-015,3200.0,2683.7,33.0,45.0,0.4,1232.38,1232.38
1298,WELL-015,3250.0,2702.3,33.75,45.0,0.4,1276.75,1276.75
1299,WELL-015,3300.0,2719.6,34.5,45.0,0.4,1321.68,1321.68
1300,WELL-015,3350.0,2744.2,35.0,45.0,0.4,1358.69,1358.69
1301,WELL-015,3400.0,2785.1,35.0,45.0,0.4,1378.97,1378.97
1302,WELL-015,3450.0,2826.1,35.0,45.0,0.4,1399.25,1399.25
1303,WELL-015,3500.0,2867.0,35.0,45.0,0.4,1419.53,1419.53
1304,WELL-015,3550.0,2908.0,35.0,45.0,0.4,1439.81,1439.81
1305,WELL-015,3600.0,2948.9,35.0,45.0,0.4,1460.09,1460.09
1306,WELL-015,3650.0,2989.9,35.0,45.0,0.4,1480.37,1480.37
1307,WELL-015,3700.0,3030.9,35.0,45.0,0.4,1500.65,1500.65
1308,WELL-015,3750.0,3071.8,35.0,45.0,0.4,1520.92,1520.92
1309,WELL-015,3800.0,3112.8,35.0,45.0,0.4,1541.2,1541.2
1310,WELL-015,3850.0,3153.7,35.0,45.0,0.4,1561.48,1561.48
1311,WELL-016,0.0,0.0,0.0,45.0,0.0,0.0,0.0
1312,WELL-016,50.0,50.0,0.0,45.0,0.0,0.0,0.0
1313,WELL-016,100.0,100.0,0.0,45.0,0.0,0.0,0.0
1314,WELL-016,150.0,150.0,0.0,45.0,0.0,0.0,0.0
1315,WELL-016,200.0,200.0,0.0,45.0,0.0,0.0,0.0
1316,WELL-016,250.0,250.0,0.0,45.0,0.0,0.0,0.0
1317,WELL-016,300.0,300.0,0.0,45.0,0.0,0.0,0.0
1318,WELL-016,350.0,350.0,0.0,45.0,0.0,0.0,0.0
1319,WELL-016,400.0,400.0,0.0,45.0,0.0,0.0,0.0
1320,WELL-016,450.0,450.0,0.0,45.0,0.0,0.0,0.0
1321,WELL-016,500.0,500.0,0.0,45.0,0.0,0.0,0.0
1322,WELL-016,550.0,550.0,0.0,45.0,0.0,0.0,0.0
1323,WELL-016,600.0,600.0,0.0,45.0,0.0,0.0,0.0
1324,WELL-016,650.0,650.0,0.0,45.0,0.0,0.0,0.0
1325,WELL-016,700.0,700.0,0.0,45.0,0.0,0.0,0.0
1326,WELL-016,750.0,750.0,0.0,45.0,0.0,0.0,0.0
1327,WELL-016,800.0,800.0,0.0,45.0,0.0,0.0,0.0
1328,WELL-016,850.0,850.0,0.0,45.0,0.0,0.0,0.0
1329,WELL-016,900.0,900.0,0.0,45.0,0.0,0.0,0.0
1330,WELL-016,950.0,950.0,0.0,45.0,0.0,0.0,0.0
1331,WELL-016,1000.0,1000.0,0.0,45.0,0.0,0.0,0.0
1332,WELL-016,1050.0,1049.9,0.75,45.0,0.4,9.72,9.72
1333,WELL-016,1100.0,1099.6,1.5,45.0,0.4,20.36,20.36
1334,WELL-016,1150.0,1149.1,2.25,45.0,0.4,31.93,31.93
1335,WELL-016,1200.0,1198.4,3.0,45.0,0.4,44.41,44.41
1336,WELL-016,1250.0,1247.3,3.75,45.0,0.4,57.81,57.81
1337,WELL-016,1300.0,1296.0,4.5,45.0,0.4,72.12,72.12
1338,WELL-016,1350.0,1344.3,5.25,45.0,0.4,87.35,87.35
1339,WELL-016,1400.0,1392.3,6.0,45.0,0.4,103.48,103.48
1340,WELL-016,1450.0,1439.9,6.75,45.0,0.4,120.51,120.51
1341,WELL-016,1500.0,1487.2,7.5,45.0,0.4,138.44,138.44
1342,WELL-016,1550.0,1534.0,8.25,45.0,0.4,157.27,157.27
1343,WELL-016,1600.0,1580.3,9.0,45.0,0.4,176.99,176.99
1344,WELL-016,1650.0,1626.2,9.75,45.0,0.4,197.58,197.58
1345,WELL-016,1700.0,1671.5,10.5,45.0,0.4,219.06,219.06
1346,WELL-016,1750.0,1716.4,11.25,45.0,0.4,241.41,241.41
1347,WELL-016,1800.0,1760.7,12.0,45.0,0.4,264.63,264.63
1348,WELL-016,1850.0,1804.4,12.75,45.0,0.4,288.7,288.7
1349,WELL-016,1900.0,1847.5,13.5,45.0,0.4,313.63,313.63
1350,WELL-016,1950.0,1890.0,14.25,45.0,0.4,339.41,339.41
1351,WELL-016,2000.0,1931.9,15.0,45.0,0.4,366.03,366.03
1352,WELL-016,2050.0,1973.0,15.75,45.0,0.4,393.47,393.47
1353,WELL-016,2100.0,2013.5,16.5,45.0,0.4,421.74,421.74
1354,WELL-016,2150.0,2053.3,17.25,45.0,0.4,450.83,450.83
1355,WELL-016,2200.0,2092.3,18.0,45.0,0.4,480.72,480.72
1356,WELL-016,2250.0,2130.6,18.75,45.0,0.4,511.41,511.41
1357,WELL-016,2300.0,2168.1,19.5,45.0,0.4,542.89,542.89
1358,WELL-016,2350.0,2204.7,20.25,45.0,0.4,575.14,575.14
1359,WELL-016,2400.0,2240.6,21.0,45.0,0.4,608.17,608.17
1360,WELL-016,2450.0,2275.6,21.75,45.0,0.4,641.96,641.96
1361,WELL-016,2500.0,2309.7,22.5,45.0,0.4,676.5,676.5
1362,WELL-016,2550.0,2342.9,23.25,45.0,0.4,711.77,711.77
1363,WELL-016,2600.0,2375.2,24.0,45.0,0.4,747.78,747.78
1364,WELL-016,2650.0,2406.6,24.75,45.0,0.4,784.5,784.5
1365,WELL-016,2700.0,2437.0,25.5,45.0,0.4,821.93,821.93
1366,WELL-016,2750.0,2466.4,26.25,45.0,0.4,860.05,860.05
1367,WELL-016,2800.0,2494.8,27.0,45.0,0.4,898.86,898.86
1368,WELL-016,2850.0,2522.2,27.75,45.0,0.4,938.33,938.33
1369,WELL-016,2900.0,2548.6,28.5,45.0,0.4,978.47,978.47
1370,WELL-016,2950.0,2573.9,29.25,45.0,0.4,1019.25,1019.25
1371,WELL-016,3000.0,2598.1,30.0,45.0,0.4,1060.66,1060.66
1372,WELL-016,3050.0,2621.2,30.75,45.0,0.4,1102.69,1102.69
1373,WELL-016,3100.0,2643.2,31.5,45.0,0.4,1145.33,1145.33
1374,WELL-016,3150.0,2664.0,32.25,45.0,0.4,1188.57,1188.57
1375,WELL-016,3200.0,2683.7,33.0,45.0,0.4,1232.38,1232.38
1376,WELL-016,3250.0,2702.3,33.75,45.0,0.4,1276.75,1276.75
1377,WELL-016,3300.0,2719.6,34.5,45.0,0.4,1321.68,1321.68
1378,WELL-016,3350.0,2744.2,35.0,45.0,0.4,1358.69,1358.69
1379,WELL-016,3400.0,2785.1,35.0,45.0,0.4,1378.97,1378.97
1380,WELL-016,3450.0,2826.1,35.0,45.0,0.4,1399.25,1399.25
1381,WELL-016,3500.0,2867.0,35.0,45.0,0.4,1419.53,1419.53
1382,WELL-016,3550.0,2908.0,35.0,45.0,0.4,1439.81,1439.81
1383,WELL-016,3600.0,2948.9,35.0,45.0,0.4,1460.09,1460.09
1384,WELL-016,3650.0,2989.9,35.0,45.0,0.4,1480.37,1480.37
1385,WELL-016,3700.0,3030.9,35.0,45.0,0.4,1500.65,1500.65
1386,WELL-016,3750.0,3071.8,35.0,45.0,0.4,1520.92,1520.92
1387,WELL-016,3800.0,3112.8,35.0,45.0,0.4,1541.2,1541.2
1388,WELL-016,3850.0,3153.7,35.0,45.0,0.4,1561.48,1561.48
1389,WELL-016,3900.0,3194.7,35.0,45.0,0.4,1581.76,1581.76
1390,WELL-016,3950.0,3235.7,35.0,45.0,0.4,1602.04,1602.04
1391,WELL-016,4000.0,3276.6,35.0,45.0,0.4,1622.32,1622.32
1392,WELL-016,4050.0,3317.6,35.0,45.0,0.4,1642.6,1642.6
1393,WELL-016,4100.0,3358.5,35.0,45.0,0.4,1662.88,1662.88
1394,WELL-016,4150.0,3399.5,35.0,45.0,0.4,1683.16,1683.16
1395,WELL-016,4200.0,3440.4,35.0,45.0,0.4,1703.44,1703.44
1396,WELL-016,4250.0,3481.4,35.0,45.0,0.4,1723.71,1723.71
1397,WELL-016,4300.0,3522.4,35.0,45.0,0.4,1743.99,1743.99
1398,WELL-016,4350.0,3563.3,35.0,45.0,0.4,1764.27,1764.27
1399,WELL-016,4400.0,3604.3,35.0,45.0,0.4,1784.55,1784.55
1400,WELL-016,4450.0,3645.2,35.0,45.0,0.4,1804.83,1804.83
1401,WELL-016,4500.0,3686.2,35.0,45.0,0.4,1825.11,1825.11
1402,WELL-016,4550.0,3727.1,35.0,45.0,0.4,1845.39,1845.39
1403,WELL-016,4600.0,3768.1,35.0,45.0,0.4,1865.67,1865.67
1404,WELL-016,4650.0,3809.1,35.0,45.0,0.4,1885.95,1885.95
1405,WELL-017,0.0,0.0,0.0,45.0,0.0,0.0,0.0
1406,WELL-017,50.0,50.0,0.0,45.0,0.0,0.0,0.0
1407,WELL-017,100.0,100.0,0.0,45.0,0.0,0.0,0.0
1408,WELL-017,150.0,150.0,0.0,45.0,0.0,0.0,0.0
1409,WELL-017,200.0,200.0,0.0,45.0,0.0,0.0,0.0
1410,WELL-017,250.0,250.0,0.0,45.0,0.0,0.0,0.0
1411,WELL-017,300.0,300.0,0.0,45.0,0.0,0.0,0.0
1412,WELL-017,350.0,350.0,0.0,45.0,0.0,0.0,0.0
1413,WELL-017,400.0,400.0,0.0,45.0,0.0,0.0,0.0
1414,WELL-017,450.0,450.0,0.0,45.0,0.0,0.0,0.0
1415,WELL-017,500.0,500.0,0.0,45.0,0.0,0.0,0.0
1416,WELL-017,550.0,550.0,0.0,45.0,0.0,0.0,0.0
1417,WELL-017,600.0,600.0,0.0,45.0,0.0,0.0,0.0
1418,WELL-017,650.0,650.0,0.0,45.0,0.0,0.0,0.0
1419,WELL-017,700.0,700.0,0.0,45.0,0.0,0.0,0.0
1420,WELL-017,750.0,750.0,0.0,45.0,0.0,0.0,0.0
1421,WELL-017,800.0,800.0,0.0,45.0,0.0,0.0,0.0
1422,WELL-017,850.0,850.0,0.0,45.0,0.0,0.0,0.0
1423,WELL-017,900.0,900.0,0.0,45.0,0.0,0.0,0.0
1424,WELL-017,950.0,950.0,0.0,45.0,0.0,0.0,0.0
1425,WELL-017,1000.0,1000.0,0.0,45.0,0.0,0.0,0.0
1426,WELL-017,1050.0,1049.9,0.75,45.0,0.4,9.72,9.72
1427,WELL-017,1100.0,1099.6,1.5,45.0,0.4,20.36,20.36
1428,WELL-017,1150.0,1149.1,2.25,45.0,0.4,31.93,31.93
1429,WELL-017,1200.0,1198.4,3.0,45.0,0.4,44.41,44.41
1430,WELL-017,1250.0,1247.3,3.75,45.0,0.4,57.81,57.81
1431,WELL-017,1300.0,1296.0,4.5,45.0,0.4,72.12,72.12
1432,WELL-017,1350.0,1344.3,5.25,45.0,0.4,87.35,87.35
1433,WELL-017,1400.0,1392.3,6.0,45.0,0.4,103.48,103.48
1434,WELL-017,1450.0,1439.9,6.75,45.0,0.4,120.51,120.51
1435,WELL-017,1500.0,1487.2,7.5,45.0,0.4,138.44,138.44
1436,WELL-017,1550.0,1534.0,8.25,45.0,0.4,157.27,157.27
1437,WELL-017,1600.0,1580.3,9.0,45.0,0.4,176.99,176.99
1438,WELL-017,1650.0,1626.2,9.75,45.0,0.4,197.58,197.58
1439,WELL-017,1700.0,1671.5,10.5,45.0,0.4,219.06,219.06
1440,WELL-017,1750.0,1716.4,11.25,45.0,0.4,241.41,241.41
1441,WELL-017,1800.0,1760.7,12.0,45.0,0.4,264.63,264.63
1442,WELL-017,1850.0,1804.4,12.75,45.0,0.4,288.7,288.7
1443,WELL-017,1900.0,1847.5,13.5,45.0,0.4,313.63,313.63
1444,WELL-017,1950.0,1890.0,14.25,45.0,0.4,339.41,339.41
1445,WELL-017,2000.0,1931.9,15.0,45.0,0.4,366.03,366.03
1446,WELL-017,2050.0,1973.0,15.75,45.0,0.4,393.47,393.47
1447,WELL-017,2100.0,2013.5,16.5,45.0,0.4,421.74,421.74
1448,WELL-017,2150.0,2053.3,17.25,45.0,0.4,450.83,450.83
1449,WELL-017,2200.0,2092.3,18.0,45.0,0.4,480.72,480.72
1450,WELL-017,2250.0,2130.6,18.75,45.0,0.4,511.41,511.41
1451,WELL-017,2300.0,2168.1,19.5,45.0,0.4,542.89,542.89
1452,WELL-017,2350.0,2204.7,20.25,45.0,0.4,575.14,575.14
1453,WELL-017,2400.0,2240.6,21.0,45.0,0.4,608.17,608.17
1454,WELL-017,2450.0,2275.6,21.75,45.0,0.4,641.96,641.96
1455,WELL-017,2500.0,2309.7,22.5,45.0,0.4,676.5,676.5
1456,WELL-017,2550.0,2342.9,23.25,45.0,0.4,711.77,711.77
1457,WELL-017,2600.0,2375.2,24.0,45.0,0.4,747.78,747.78
1458,WELL-017,2650.0,2406.6,24.75,45.0,0.4,784.5,784.5
1459,WELL-017,2700.0,2437.0,25.5,45.0,0.4,821.93,821.93
1460,WELL-017,2750.0,2466.4,26.25,45.0,0.4,860.05,860.05
1461,WELL-017,2800.0,2494.8,27.0,45.0,0.4,898.86,898.86
1462,WELL-017,2850.0,2522.2,27.75,45.0,0.4,938.33,938.33
1463,WELL-017,2900.0,2548.6,28.5,45.0,0.4,978.47,978.47
1464,WELL-017,2950.0,2573.9,29.25,45.0,0.4,1019.25,1019.25
1465,WELL-017,3000.0,2598.1,30.0,45.0,0.4,1060.66,1060.66
1466,WELL-017,3050.0,2621.2,30.75,45.0,0.4,1102.69,1102.69
1467,WELL-017,3100.0,2643.2,31.5,45.0,0.4,1145.33,1145.33
1468,WELL-017,3150.0,2664.0,32.25,45.0,0.4,1188.57,1188.57
1469,WELL-017,3200.0,2683.7,33.0,45.0,0.4,1232.38,1232.38
1470,WELL-017,3250.0,2702.3,33.75,45.0,0.4,1276.75,1276.75
1471,WELL-017,3300.0,2719.6,34.5,45.0,0.4,1321.68,1321.68
1472,WELL-017,3350.0,2744.2,35.0,45.0,0.4,1358.69,1358.69
1473,WELL-017,3400.0,2785.1,35.0,45.0,0.4,1378.97,1378.97
1474,WELL-017,3450.0,2826.1,35.0,45.0,0.4,1399.25,1399.25
1475,WELL-017,3500.0,2867.0,35.0,45.0,0.4,1419.53,1419.53
1476,WELL-017,3550.0,2908.0,35.0,45.0,0.4,1439.81,1439.81
1477,WELL-017,3600.0,2948.9,35.0,45.0,0.4,1460.09,1460.09
1478,WELL-017,3650.0,2989.9,35.0,45.0,0.4,1480.37,1480.37
1479,WELL-017,3700.0,3030.9,35.0,45.0,0.4,1500.65,1500.65
1480,WELL-017,3750.0,3071.8,35.0,45.0,0.4,1520.92,1520.92
1481,WELL-017,3800.0,3112.8,35.0,45.0,0.4,1541.2,1541.2
1482,WELL-017,3850.0,3153.7,35.0,45.0,0.4,1561.48,1561.48
1483,WELL-017,3900.0,3194.7,35.0,45.0,0.4,1581.76,1581.76
1484,WELL-017,3950.0,3235.7,35.0,45.0,0.4,1602.04,1602.04
1485,WELL-017,4000.0,3276.6,35.0,45.0,0.4,1622.32,1622.32
1486,WELL-017,4050.0,3317.6,35.0,45.0,0.4,1642.6,1642.6
1487,WELL-017,4100.0,3358.5,35.0,45.0,0.4,1662.88,1662.88
1488,WELL-018,0.0,0.0,0.0,45.0,0.0,0.0,0.0
1489,WELL-018,50.0,50.0,0.0,45.0,0.0,0.0,0.0
1490,WELL-018,100.0,100.0,0.0,45.0,0.0,0.0,0.0
1491,WELL-018,150.0,150.0,0.0,45.0,0.0,0.0,0.0
1492,WELL-018,200.0,200.0,0.0,45.0,0.0,0.0,0.0
1493,WELL-018,250.0,250.0,0.0,45.0,0.0,0.0,0.0
1494,WELL-018,300.0,300.0,0.0,45.0,0.0,0.0,0.0
1495,WELL-018,350.0,350.0,0.0,45.0,0.0,0.0,0.0
1496,WELL-018,400.0,400.0,0.0,45.0,0.0,0.0,0.0
1497,WELL-018,450.0,450.0,0.0,45.0,0.0,0.0,0.0
1498,WELL-018,500.0,500.0,0.0,45.0,0.0,0.0,0.0
1499,WELL-018,550.0,550.0,0.0,45.0,0.0,0.0,0.0
1500,WELL-018,600.0,600.0,0.0,45.0,0.0,0.0,0.0
1501,WELL-018,650.0,650.0,0.0,45.0,0.0,0.0,0.0
1502,WELL-018,700.0,700.0,0.0,45.0,0.0,0.0,0.0
1503,WELL-018,750.0,750.0,0.0,45.0,0.0,0.0,0.0
1504,WELL-018,800.0,800.0,0.0,45.0,0.0,0.0,0.0
1505,WELL-018,850.0,850.0,0.0,45.0,0.0,0.0,0.0
1506,WELL-018,900.0,900.0,0.0,45.0,0.0,0.0,0.0
1507,WELL-018,950.0,950.0,0.0,45.0,0.0,0.0,0.0
1508,WELL-018,1000.0,1000.0,0.0,45.0,0.0,0.0,0.0
1509,WELL-018,1050.0,1049.9,0.75,45.0,0.4,9.72,9.72
1510,WELL-018,1100.0,1099.6,1.5,45.0,0.4,20.36,20.36
1511,WELL-018,1150.0,1149.1,2.25,45.0,0.4,31.93,31.93
1512,WELL-018,1200.0,1198.4,3.0,45.0,0.4,44.41,44.41
1513,WELL-018,1250.0,1247.3,3.75,45.0,0.4,57.81,57.81
1514,WELL-018,1300.0,1296.0,4.5,45.0,0.4,72.12,72.12
1515,WELL-018,1350.0,1344.3,5.25,45.0,0.4,87.35,87.35
1516,WELL-018,1400.0,1392.3,6.0,45.0,0.4,103.48,103.48
1517,WELL-018,1450.0,1439.9,6.75,45.0,0.4,120.51,120.51
1518,WELL-018,1500.0,1487.2,7.5,45.0,0.4,138.44,138.44
1519,WELL-018,1550.0,1534.0,8.25,45.0,0.4,157.27,157.27
1520,WELL-018,1600.0,1580.3,9.0,45.0,0.4,176.99,176.99
1521,WELL-018,1650.0,1626.2,9.75,45.0,0.4,197.58,197.58
1522,WELL-018,1700.0,1671.5,10.5,45.0,0.4,219.06,219.06
1523,WELL-018,1750.0,1716.4,11.25,45.0,0.4,241.41,241.41
1524,WELL-018,1800.0,1760.7,12.0,45.0,0.4,264.63,264.63
1525,WELL-018,1850.0,1804.4,12.75,45.0,0.4,288.7,288.7
1526,WELL-018,1900.0,1847.5,13.5,45.0,0.4,313.63,313.63
1527,WELL-018,1950.0,1890.0,14.25,45.0,0.4,339.41,339.41
1528,WELL-018,2000.0,1931.9,15.0,45.0,0.4,366.03,366.03
1529,WELL-018,2050.0,1973.0,15.75,45.0,0.4,393.47,393.47
1530,WELL-018,2100.0,2013.5,16.5,45.0,0.4,421.74,421.74
1531,WELL-018,2150.0,2053.3,17.25,45.0,0.4,450.83,450.83
1532,WELL-018,2200.0,2092.3,18.0,45.0,0.4,480.72,480.72
1533,WELL-018,2250.0,2130.6,18.75,45.0,0.4,511.41,511.41
1534,WELL-018,2300.0,2168.1,19.5,45.0,0.4,542.89,542.89
1535,WELL-018,2350.0,2204.7,20.25,45.0,0.4,575.14,575.14
1536,WELL-018,2400.0,2240.6,21.0,45.0,0.4,608.17,608.17
1537,WELL-018,2450.0,2275.6,21.75,45.0,0.4,641.96,641.96
1538,WELL-018,2500.0,2309.7,22.5,45.0,0.4,676.5,676.5
1539,WELL-018,2550.0,2342.9,23.25,45.0,0.4,711.77,711.77
1540,WELL-018,2600.0,2375.2,24.0,45.0,0.4,747.78,747.78
1541,WELL-018,2650.0,2406.6,24.75,45.0,0.4,784.5,784.5
1542,WELL-018,2700.0,2437.0,25.5,45.0,0.4,821.93,821.93
1543,WELL-018,2750.0,2466.4,26.25,45.0,0.4,860.05,860.05
1544,WELL-018,2800.0,2494.8,27.0,45.0,0.4,898.86,898.86
1545,WELL-018,2850.0,2522.2,27.75,45.0,0.4,938.33,938.33
1546,WELL-018,2900.0,2548.6,28.5,45.0,0.4,978.47,978.47
1547,WELL-018,2950.0,2573.9,29.25,45.0,0.4,1019.25,1019.25
1548,WELL-018,3000.0,2598.1,30.0,45.0,0.4,1060.66,1060.66
1549,WELL-018,3050.0,2621.2,30.75,45.0,0.4,1102.69,1102.69
1550,WELL-018,3100.0,2643.2,31.5,45.0,0.4,1145.33,1145.33
1551,WELL-018,3150.0,2664.0,32.25,45.0,0.4,1188.57,1188.57
1552,WELL-018,3200.0,2683.7,33.0,45.0,0.4,1232.38,1232.38
1553,WELL-018,3250.0,2702.3,33.75,45.0,0.4,1276.75,1276.75
1554,WELL-018,3300.0,2719.6,34.5,45.0,0.4,1321.68,1321.68
1555,WELL-018,3350.0,2744.2,35.0,45.0,0.4,1358.69,1358.69
1556,WELL-018,3400.0,2785.1,35.0,45.0,0.4,1378.97,1378.97
1557,WELL-018,3450.0,2826.1,35.0,45.0,0.4,1399.25,1399.25
1558,WELL-018,3500.0,2867.0,35.0,45.0,0.4,1419.53,1419.53
1559,WELL-018,3550.0,2908.0,35.0,45.0,0.4,1439.81,1439.81
1560,WELL-018,3600.0,2948.9,35.0,45.0,0.4,1460.09,1460.09
1561,WELL-018,3650.0,2989.9,35.0,45.0,0.4,1480.37,1480.37
1562,WELL-018,3700.0,3030.9,35.0,45.0,0.4,1500.65,1500.65
1563,WELL-018,3750.0,3071.8,35.0,45.0,0.4,1520.92,1520.92
1564,WELL-018,3800.0,3112.8,35.0,45.0,0.4,1541.2,1541.2
1565,WELL-018,3850.0,3153.7,35.0,45.0,0.4,1561.48,1561.48
1566,WELL-018,3900.0,3194.7,35.0,45.0,0.4,1581.76,1581.76
1567,WELL-018,3950.0,3235.7,35.0,45.0,0.4,1602.04,1602.04
1568,WELL-018,4000.0,3276.6,35.0,45.0,0.4,1622.32,1622.32
1569,WELL-018,4050.0,3317.6,35.0,45.0,0.4,1642.6,1642.6
1570,WELL-018,4100.0,3358.5,35.0,45.0,0.4,1662.88,1662.88
1571,WELL-019,0.0,0.0,0.0,45.0,0.0,0.0,0.0
1572,WELL-019,50.0,50.0,0.0,45.0,0.0,0.0,0.0
1573,WELL-019,100.0,100.0,0.0,45.0,0.0,0.0,0.0
1574,WELL-019,150.0,150.0,0.0,45.0,0.0,0.0,0.0
1575,WELL-019,200.0,200.0,0.0,45.0,0.0,0.0,0.0
1576,WELL-019,250.0,250.0,0.0,45.0,0.0,0.0,0.0
1577,WELL-019,300.0,300.0,0.0,45.0,0.0,0.0,0.0
1578,WELL-019,350.0,350.0,0.0,45.0,0.0,0.0,0.0
1579,WELL-019,400.0,400.0,0.0,45.0,0.0,0.0,0.0
1580,WELL-019,450.0,450.0,0.0,45.0,0.0,0.0,0.0
1581,WELL-019,500.0,500.0,0.0,45.0,0.0,0.0,0.0
1582,WELL-019,550.0,550.0,0.0,45.0,0.0,0.0,0.0
1583,WELL-019,600.0,600.0,0.0,45.0,0.0,0.0,0.0
1584,WELL-019,650.0,650.0,0.0,45.0,0.0,0.0,0.0
1585,WELL-019,700.0,700.0,0.0,45.0,0.0,0.0,0.0
1586,WELL-019,750.0,750.0,0.0,45.0,0.0,0.0,0.0
1587,WELL-019,800.0,800.0,0.0,45.0,0.0,0.0,0.0
1588,WELL-019,850.0,850.0,0.0,45.0,0.0,0.0,0.0
1589,WELL-019,900.0,900.0,0.0,45.0,0.0,0.0,0.0
1590,WELL-019,950.0,950.0,0.0,45.0,0.0,0.0,0.0
1591,WELL-019,1000.0,1000.0,0.0,45.0,0.0,0.0,0.0
1592,WELL-019,1050.0,1049.9,0.75,45.0,0.4,9.72,9.72
1593,WELL-019,1100.0,1099.6,1.5,45.0,0.4,20.36,20.36
1594,WELL-019,1150.0,1149.1,2.25,45.0,0.4,31.93,31.93
1595,WELL-019,1200.0,1198.4,3.0,45.0,0.4,44.41,44.41
1596,WELL-019,1250.0,1247.3,3.75,45.0,0.4,57.81,57.81
1597,WELL-019,1300.0,1296.0,4.5,45.0,0.4,72.12,72.12
1598,WELL-019,1350.0,1344.3,5.25,45.0,0.4,87.35,87.35
1599,WELL-019,1400.0,1392.3,6.0,45.0,0.4,103.48,103.48
1600,WELL-019,1450.0,1439.9,6.75,45.0,0.4,120.51,120.51
1601,WELL-019,1500.0,1487.2,7.5,45.0,0.4,138.44,138.44
1602,WELL-019,1550.0,1534.0,8.25,45.0,0.4,157.27,157.27
1603,WELL-019,1600.0,1580.3,9.0,45.0,0.4,176.99,176.99
1604,WELL-019,1650.0,1626.2,9.75,45.0,0.4,197.58,197.58
1605,WELL-019,1700.0,1671.5,10.5,45.0,0.4,219.06,219.06
1606,WELL-019,1750.0,1716.4,11.25,45.0,0.4,241.41,241.41
1607,WELL-019,1800.0,1760.7,12.0,45.0,0.4,264.63,264.63
1608,WELL-019,1850.0,1804.4,12.75,45.0,0.4,288.7,288.7
1609,WELL-019,1900.0,1847.5,13.5,45.0,0.4,313.63,313.63
1610,WELL-019,1950.0,1890.0,14.25,45.0,0.4,339.41,339.41
1611,WELL-019,2000.0,1931.9,15.0,45.0,0.4,366.03,366.03
1612,WELL-019,2050.0,1973.0,15.75,45.0,0.4,393.47,393.47
1613,WELL-019,2100.0,2013.5,16.5,45.0,0.4,421.74,421.74
1614,WELL-019,2150.0,2053.3,17.25,45.0,0.4,450.83,450.83
1615,WELL-019,2200.0,2092.3,18.0,45.0,0.4,480.72,480.72
1616,WELL-019,2250.0,2130.6,18.75,45.0,0.4,511.41,511.41
1617,WELL-019,2300.0,2168.1,19.5,45.0,0.4,542.89,542.89
1618,WELL-019,2350.0,2204.7,20.25,45.0,0.4,575.14,575.14
1619,WELL-019,2400.0,2240.6,21.0,45.0,0.4,608.17,608.17
1620,WELL-019,2450.0,2275.6,21.75,45.0,0.4,641.96,641.96
1621,WELL-019,2500.0,2309.7,22.5,45.0,0.4,676.5,676.5
1622,WELL-019,2550.0,2342.9,23.25,45.0,0.4,711.77,711.77
1623,WELL-019,2600.0,2375.2,24.0,45.0,0.4,747.78,747.78
1624,WELL-019,2650.0,2406.6,24.75,45.0,0.4,784.5,784.5
1625,WELL-019,2700.0,2437.0,25.5,45.0,0.4,821.93,821.93
1626,WELL-019,2750.0,2466.4,26.25,45.0,0.4,860.05,860.05
1627,WELL-019,2800.0,2494.8,27.0,45.0,0.4,898.86,898.86
1628,WELL-019,2850.0,2522.2,27.75,45.0,0.4,938.33,938.33
1629,WELL-019,2900.0,2548.6,28.5,45.0,0.4,978.47,978.47
1630,WELL-019,2950.0,2573.9,29.25,45.0,0.4,1019.25,1019.25
1631,WELL-019,3000.0,2598.1,30.0,45.0,0.4,1060.66,1060.66
1632,WELL-019,3050.0,2621.2,30.75,45.0,0.4,1102.69,1102.69
1633,WELL-019,3100.0,2643.2,31.5,45.0,0.4,1145.33,1145.33
1634,WELL-019,3150.0,2664.0,32.25,45.0,0.4,1188.57,1188.57
1635,WELL-019,3200.0,2683.7,33.0,45.0,0.4,1232.38,1232.38
1636,WELL-019,3250.0,2702.3,33.75,45.0,0.4,1276.75,1276.75
1637,WELL-019,3300.0,2719.6,34.5,45.0,0.4,1321.68,1321.68
1638,WELL-019,3350.0,2744.2,35.0,45.0,0.4,1358.69,1358.69
1639,WELL-019,3400.0,2785.1,35.0,45.0,0.4,1378.97,1378.97
1640,WELL-019,3450.0,2826.1,35.0,45.0,0.4,1399.25,1399.25
1641,WELL-019,3500.0,2867.0,35.0,45.0,0.4,1419.53,1419.53
1642,WELL-019,3550.0,2908.0,35.0,45.0,0.4,1439.81,1439.81
1643,WELL-019,3600.0,2948.9,35.0,45.0,0.4,1460.09,1460.09
1644,WELL-019,3650.0,2989.9,35.0,45.0,0.4,1480.37,1480.37
1645,WELL-019,3700.0,3030.9,35.0,45.0,0.4,1500.65,1500.65
1646,WELL-019,3750.0,3071.8,35.0,45.0,0.4,1520.92,1520.92
1647,WELL-019,3800.0,3112.8,35.0,45.0,0.4,1541.2,1541.2
1648,WELL-019,3850.0,3153.7,35.0,45.0,0.4,1561.48,1561.48
1649,WELL-019,3900.0,3194.7,35.0,45.0,0.4,1581.76,1581.76
1650,WELL-019,3950.0,3235.7,35.0,45.0,0.4,1602.04,1602.04
1651,WELL-019,4000.0,3276.6,35.0,45.0,0.4,1622.32,1622.32
1652,WELL-019,4050.0,3317.6,35.0,45.0,0.4,1642.6,1642.6
1653,WELL-019,4100.0,3358.5,35.0,45.0,0.4,1662.88,1662.88
1654,WELL-019,4150.0,3399.5,35.0,45.0,0.4,1683.16,1683.16
1655,WELL-019,4200.0,3440.4,35.0,45.0,0.4,1703.44,1703.44
1656,WELL-019,4250.0,3481.4,35.0,45.0,0.4,1723.71,1723.71
1657,WELL-019,4300.0,3522.4,35.0,45.0,0.4,1743.99,1743.99
1658,WELL-019,4350.0,3563.3,35.0,45.0,0.4,1764.27,1764.27
1659,WELL-019,4400.0,3604.3,35.0,45.0,0.4,1784.55,1784.55
1660,WELL-019,4450.0,3645.2,35.0,45.0,0.4,1804.83,1804.83
1661,WELL-019,4500.0,3686.2,35.0,45.0,0.4,1825.11,1825.11
1662,WELL-019,4550.0,3727.1,35.0,45.0,0.4,1845.39,1845.39
1663,WELL-019,4600.0,3768.1,35.0,45.0,0.4,1865.67,1865.67
1664,WELL-019,4650.0,3809.1,35.0,45.0,0.4,1885.95,1885.95
1665,WELL-020,0.0,0.0,0.0,45.0,0.0,0.0,0.0
1666,WELL-020,50.0,50.0,0.0,45.0,0.0,0.0,0.0
1667,WELL-020,100.0,100.0,0.0,45.0,0.0,0.0,0.0
1668,WELL-020,150.0,150.0,0.0,45.0,0.0,0.0,0.0
1669,WELL-020,200.0,200.0,0.0,45.0,0.0,0.0,0.0
1670,WELL-020,250.0,250.0,0.0,45.0,0.0,0.0,0.0
1671,WELL-020,300.0,300.0,0.0,45.0,0.0,0.0,0.0
1672,WELL-020,350.0,350.0,0.0,45.0,0.0,0.0,0.0
1673,WELL-020,400.0,400.0,0.0,45.0,0.0,0.0,0.0
1674,WELL-020,450.0,450.0,0.0,45.0,0.0,0.0,0.0
1675,WELL-020,500.0,500.0,0.0,45.0,0.0,0.0,0.0
1676,WELL-020,550.0,550.0,0.0,45.0,0.0,0.0,0.0
1677,WELL-020,600.0,600.0,0.0,45.0,0.0,0.0,0.0
1678,WELL-020,650.0,650.0,0.0,45.0,0.0,0.0,0.0
1679,WELL-020,700.0,700.0,0.0,45.0,0.0,0.0,0.0
1680,WELL-020,750.0,750.0,0.0,45.0,0.0,0.0,0.0
1681,WELL-020,800.0,800.0,0.0,45.0,0.0,0.0,0.0
1682,WELL-020,850.0,850.0,0.0,45.0,0.0,0.0,0.0
1683,WELL-020,900.0,900.0,0.0,45.0,0.0,0.0,0.0
1684,WELL-020,950.0,950.0,0.0,45.0,0.0,0.0,0.0
1685,WELL-020,1000.0,1000.0,0.0,45.0,0.0,0.0,0.0
1686,WELL-020,1050.0,1049.9,0.75,45.0,0.4,9.72,9.72
1687,WELL-020,1100.0,1099.6,1.5,45.0,0.4,20.36,20.36
1688,WELL-020,1150.0,1149.1,2.25,45.0,0.4,31.93,31.93
1689,WELL-020,1200.0,1198.4,3.0,45.0,0.4,44.41,44.41
1690,WELL-020,1250.0,1247.3,3.75,45.0,0.4,57.81,57.81
1691,WELL-020,1300.0,1296.0,4.5,45.0,0.4,72.12,72.12
1692,WELL-020,1350.0,1344.3,5.25,45.0,0.4,87.35,87.35
1693,WELL-020,1400.0,1392.3,6.0,45.0,0.4,103.48,103.48
1694,WELL-020,1450.0,1439.9,6.75,45.0,0.4,120.51,120.51
1695,WELL-020,1500.0,1487.2,7.5,45.0,0.4,138.44,138.44
1696,WELL-020,1550.0,1534.0,8.25,45.0,0.4,157.27,157.27
1697,WELL-020,1600.0,1580.3,9.0,45.0,0.4,176.99,176.99
1698,WELL-020,1650.0,1626.2,9.75,45.0,0.4,197.58,197.58
1699,WELL-020,1700.0,1671.5,10.5,45.0,0.4,219.06,219.06
1700,WELL-020,1750.0,1716.4,11.25,45.0,0.4,241.41,241.41
1701,WELL-020,1800.0,1760.7,12.0,45.0,0.4,264.63,264.63
1702,WELL-020,1850.0,1804.4,12.75,45.0,0.4,288.7,288.7
1703,WELL-020,1900.0,1847.5,13.5,45.0,0.4,313.63,313.63
1704,WELL-020,1950.0,1890.0,14.25,45.0,0.4,339.41,339.41
1705,WELL-020,2000.0,1931.9,15.0,45.0,0.4,366.03,366.03
1706,WELL-020,2050.0,1973.0,15.75,45.0,0.4,393.47,393.47
1707,WELL-020,2100.0,2013.5,16.5,45.0,0.4,421.74,421.74
1708,WELL-020,2150.0,2053.3,17.25,45.0,0.4,450.83,450.83
1709,WELL-020,2200.0,2092.3,18.0,45.0,0.4,480.72,480.72
1710,WELL-020,2250.0,2130.6,18.75,45.0,0.4,511.41,511.41
1711,WELL-020,2300.0,2168.1,19.5,45.0,0.4,542.89,542.89
1712,WELL-020,2350.0,2204.7,20.25,45.0,0.4,575.14,575.14
1713,WELL-020,2400.0,2240.6,21.0,45.0,0.4,608.17,608.17
1714,WELL-020,2450.0,2275.6,21.75,45.0,0.4,641.96,641.96
1715,WELL-020,2500.0,2309.7,22.5,45.0,0.4,676.5,676.5
1716,WELL-020,2550.0,2342.9,23.25,45.0,0.4,711.77,711.77
1717,WELL-020,2600.0,2375.2,24.0,45.0,0.4,747.78,747.78
1718,WELL-020,2650.0,2406.6,24.75,45.0,0.4,784.5,784.5
1719,WELL-020,2700.0,2437.0,25.5,45.0,0.4,821.93,821.93
1720,WELL-020,2750.0,2466.4,26.25,45.0,0.4,860.05,860.05
1721,WELL-020,2800.0,2494.8,27.0,45.0,0.4,898.86,898.86
1722,WELL-020,2850.0,2522.2,27.75,45.0,0.4,938.33,938.33
1723,WELL-020,2900.0,2548.6,28.5,45.0,0.4,978.47,978.47
1724,WELL-020,2950.0,2573.9,29.25,45.0,0.4,1019.25,1019.25
1725,WELL-020,3000.0,2598.1,30.0,45.0,0.4,1060.66,1060.66
1726,WELL-020,3050.0,2621.2,30.75,45.0,0.4,1102.69,1102.69
1727,WELL-020,3100.0,2643.2,31.5,45.0,0.4,1145.33,1145.33
1728,WELL-020,3150.0,2664.0,32.25,45.0,0.4,1188.57,1188.57
1729,WELL-020,3200.0,2683.7,33.0,45.0,0.4,1232.38,1232.38
1730,WELL-020,3250.0,2702.3,33.75,45.0,0.4,1276.75,1276.75
1731,WELL-020,3300.0,2719.6,34.5,45.0,0.4,1321.68,1321.68
1732,WELL-020,3350.0,2744.2,35.0,45.0,0.4,1358.69,1358.69
1733,WELL-020,3400.0,2785.1,35.0,45.0,0.4,1378.97,1378.97
1734,WELL-020,3450.0,2826.1,35.0,45.0,0.4,1399.25,1399.25
1735,WELL-020,3500.0,2867.0,35.0,45.0,0.4,1419.53,1419.53
1736,WELL-020,3550.0,2908.0,35.0,45.0,0.4,1439.81,1439.81
1737,WELL-020,3600.0,2948.9,35.0,45.0,0.4,1460.09,1460.09
1738,WELL-020,3650.0,2989.9,35.0,45.0,0.4,1480.37,1480.37
1739,WELL-020,3700.0,3030.9,35.0,45.0,0.4,1500.65,1500.65
1740,WELL-020,3750.0,3071.8,35.0,45.0,0.4,1520.92,1520.92
1741,WELL-020,3800.0,3112.8,35.0,45.0,0.4,1541.2,1541.2
1742,WELL-020,3850.0,3153.7,35.0,45.0,0.4,1561.48,1561.48
1743,WELL-020,3900.0,3194.7,35.0,45.0,0.4,1581.76,1581.76
1744,WELL-020,3950.0,3235.7,35.0,45.0,0.4,1602.04,1602.04
1745,WELL-020,4000.0,3276.6,35.0,45.0,0.4,1622.32,1622.32
1746,WELL-020,4050.0,3317.6,35.0,45.0,0.4,1642.6,1642.6
1747,WELL-020,4100.0,3358.5,35.0,45.0,0.4,1662.88,1662.88
1748,WELL-020,4150.0,3399.5,35.0,45.0,0.4,1683.16,1683.16
1749,WELL-020,4200.0,3440.4,35.0,45.0,0.4,1703.44,1703.44
1750,WELL-020,4250.0,3481.4,35.0,45.0,0.4,1723.71,1723.71
1751,WELL-020,4300.0,3522.4,35.0,45.0,0.4,1743.99,1743.99
1752,WELL-020,4350.0,3563.3,35.0,45.0,0.4,1764.27,1764.27
1753,WELL-020,4400.0,3604.3,35.0,45.0,0.4,1784.55,1784.55
1754,WELL-020,4450.0,3645.2,35.0,45.0,0.4,1804.83,1804.83
1755,WELL-021,0.0,0.0,0.0,45.0,0.0,0.0,0.0
1756,WELL-021,50.0,50.0,0.0,45.0,0.0,0.0,0.0
1757,WELL-021,100.0,100.0,0.0,45.0,0.0,0.0,0.0
1758,WELL-021,150.0,150.0,0.0,45.0,0.0,0.0,0.0
1759,WELL-021,200.0,200.0,0.0,45.0,0.0,0.0,0.0
1760,WELL-021,250.0,250.0,0.0,45.0,0.0,0.0,0.0
1761,WELL-021,300.0,300.0,0.0,45.0,0.0,0.0,0.0
1762,WELL-021,350.0,350.0,0.0,45.0,0.0,0.0,0.0
1763,WELL-021,400.0,400.0,0.0,45.0,0.0,0.0,0.0
1764,WELL-021,450.0,450.0,0.0,45.0,0.0,0.0,0.0
1765,WELL-021,500.0,500.0,0.0,45.0,0.0,0.0,0.0
1766,WELL-021,550.0,550.0,0.0,45.0,0.0,0.0,0.0
1767,WELL-021,600.0,600.0,0.0,45.0,0.0,0.0,0.0
1768,WELL-021,650.0,650.0,0.0,45.0,0.0,0.0,0.0
1769,WELL-021,700.0,700.0,0.0,45.0,0.0,0.0,0.0
1770,WELL-021,750.0,750.0,0.0,45.0,0.0,0.0,0.0
1771,WELL-021,800.0,800.0,0.0,45.0,0.0,0.0,0.0
1772,WELL-021,850.0,850.0,0.0,45.0,0.0,0.0,0.0
1773,WELL-021,900.0,900.0,0.0,45.0,0.0,0.0,0.0
1774,WELL-021,950.0,950.0,0.0,45.0,0.0,0.0,0.0
1775,WELL-021,1000.0,1000.0,0.0,45.0,0.0,0.0,0.0
1776,WELL-021,1050.0,1049.9,0.75,45.0,0.4,9.72,9.72
1777,WELL-021,1100.0,1099.6,1.5,45.0,0.4,20.36,20.36
1778,WELL-021,1150.0,1149.1,2.25,45.0,0.4,31.93,31.93
1779,WELL-021,1200.0,1198.4,3.0,45.0,0.4,44.41,44.41
1780,WELL-021,1250.0,1247.3,3.75,45.0,0.4,57.81,57.81
1781,WELL-021,1300.0,1296.0,4.5,45.0,0.4,72.12,72.12
1782,WELL-021,1350.0,1344.3,5.25,45.0,0.4,87.35,87.35
1783,WELL-021,1400.0,1392.3,6.0,45.0,0.4,103.48,103.48
1784,WELL-021,1450.0,1439.9,6.75,45.0,0.4,120.51,120.51
1785,WELL-021,1500.0,1487.2,7.5,45.0,0.4,138.44,138.44
1786,WELL-021,1550.0,1534.0,8.25,45.0,0.4,157.27,157.27
1787,WELL-021,1600.0,1580.3,9.0,45.0,0.4,176.99,176.99
1788,WELL-021,1650.0,1626.2,9.75,45.0,0.4,197.58,197.58
1789,WELL-021,1700.0,1671.5,10.5,45.0,0.4,219.06,219.06
1790,WELL-021,1750.0,1716.4,11.25,45.0,0.4,241.41,241.41
1791,WELL-021,1800.0,1760.7,12.0,45.0,0.4,264.63,264.63
1792,WELL-021,1850.0,1804.4,12.75,45.0,0.4,288.7,288.7
1793,WELL-021,1900.0,1847.5,13.5,45.0,0.4,313.63,313.63
1794,WELL-021,1950.0,1890.0,14.25,45.0,0.4,339.41,339.41
1795,WELL-021,2000.0,1931.9,15.0,45.0,0.4,366.03,366.03
1796,WELL-021,2050.0,1973.0,15.75,45.0,0.4,393.47,393.47
1797,WELL-021,2100.0,2013.5,16.5,45.0,0.4,421.74,421.74
1798,WELL-021,2150.0,2053.3,17.25,45.0,0.4,450.83,450.83
1799,WELL-021,2200.0,2092.3,18.0,45.0,0.4,480.72,480.72
1800,WELL-021,2250.0,2130.6,18.75,45.0,0.4,511.41,511.41
1801,WELL-021,2300.0,2168.1,19.5,45.0,0.4,542.89,542.89
1802,WELL-021,2350.0,2204.7,20.25,45.0,0.4,575.14,575.14
1803,WELL-021,2400.0,2240.6,21.0,45.0,0.4,608.17,608.17
1804,WELL-021,2450.0,2275.6,21.75,45.0,0.4,641.96,641.96
1805,WELL-021,2500.0,2309.7,22.5,45.0,0.4,676.5,676.5
1806,WELL-021,2550.0,2342.9,23.25,45.0,0.4,711.77,711.77
1807,WELL-021,2600.0,2375.2,24.0,45.0,0.4,747.78,747.78
1808,WELL-021,2650.0,2406.6,24.75,45.0,0.4,784.5,784.5
1809,WELL-021,2700.0,2437.0,25.5,45.0,0.4,821.93,821.93
1810,WELL-021,2750.0,2466.4,26.25,45.0,0.4,860.05,860.05
1811,WELL-021,2800.0,2494.8,27.0,45.0,0.4,898.86,898.86
1812,WELL-021,2850.0,2522.2,27.75,45.0,0.4,938.33,938.33
1813,WELL-021,2900.0,2548.6,28.5,45.0,0.4,978.47,978.47
1814,WELL-021,2950.0,2573.9,29.25,45.0,0.4,1019.25,1019.25
1815,WELL-021,3000.0,2598.1,30.0,45.0,0.4,1060.66,1060.66
1816,WELL-021,3050.0,2621.2,30.75,45.0,0.4,1102.69,1102.69
1817,WELL-021,3100.0,2643.2,31.5,45.0,0.4,1145.33,1145.33
1818,WELL-021,3150.0,2664.0,32.25,45.0,0.4,1188.57,1188.57
1819,WELL-021,3200.0,2683.7,33.0,45.0,0.4,1232.38,1232.38
1820,WELL-021,3250.0,2702.3,33.75,45.0,0.4,1276.75,1276.75
1821,WELL-021,3300.0,2719.6,34.5,45.0,0.4,1321.68,1321.68
1822,WELL-021,3350.0,2744.2,35.0,45.0,0.4,1358.69,1358.69
1823,WELL-021,3400.0,2785.1,35.0,45.0,0.4,1378.97,1378.97
1824,WELL-021,3450.0,2826.1,35.0,45.0,0.4,1399.25,1399.25
1825,WELL-021,3500.0,2867.0,35.0,45.0,0.4,1419.53,1419.53
1826,WELL-021,3550.0,2908.0,35.0,45.0,0.4,1439.81,1439.81
1827,WELL-021,3600.0,2948.9,35.0,45.0,0.4,1460.09,1460.09
1828,WELL-021,3650.0,2989.9,35.0,45.0,0.4,1480.37,1480.37
1829,WELL-021,3700.0,3030.9,35.0,45.0,0.4,1500.65,1500.65
1830,WELL-021,3750.0,3071.8,35.0,45.0,0.4,1520.92,1520.92
1831,WELL-021,3800.0,3112.8,35.0,45.0,0.4,1541.2,1541.2
1832,WELL-021,3850.0,3153.7,35.0,45.0,0.4,1561.48,1561.48
1833,WELL-021,3900.0,3194.7,35.0,45.0,0.4,1581.76,1581.76
1834,WELL-021,3950.0,3235.7,35.0,45.0,0.4,1602.04,1602.04
1835,WELL-021,4000.0,3276.6,35.0,45.0,0.4,1622.32,1622.32
1836,WELL-021,4050.0,3317.6,35.0,45.0,0.4,1642.6,1642.6
1837,WELL-021,4100.0,3358.5,35.0,45.0,0.4,1662.88,1662.88
1838,WELL-021,4150.0,3399.5,35.0,45.0,0.4,1683.16,1683.16
1839,WELL-021,4200.0,3440.4,35.0,45.0,0.4,1703.44,1703.44
1840,WELL-021,4250.0,3481.4,35.0,45.0,0.4,1723.71,1723.71
1841,WELL-021,4300.0,3522.4,35.0,45.0,0.4,1743.99,1743.99
1842,WELL-021,4350.0,3563.3,35.0,45.0,0.4,1764.27,1764.27
1843,WELL-021,4400.0,3604.3,35.0,45.0,0.4,1784.55,1784.55
1844,WELL-021,4450.0,3645.2,35.0,45.0,0.4,1804.83,1804.83
1845,WELL-022,0.0,0.0,0.0,45.0,0.0,0.0,0.0
1846,WELL-022,50.0,50.0,0.0,45.0,0.0,0.0,0.0
1847,WELL-022,100.0,100.0,0.0,45.0,0.0,0.0,0.0
1848,WELL-022,150.0,150.0,0.0,45.0,0.0,0.0,0.0
1849,WELL-022,200.0,200.0,0.0,45.0,0.0,0.0,0.0
1850,WELL-022,250.0,250.0,0.0,45.0,0.0,0.0,0.0
1851,WELL-022,300.0,300.0,0.0,45.0,0.0,0.0,0.0
1852,WELL-022,350.0,350.0,0.0,45.0,0.0,0.0,0.0
1853,WELL-022,400.0,400.0,0.0,45.0,0.0,0.0,0.0
1854,WELL-022,450.0,450.0,0.0,45.0,0.0,0.0,0.0
1855,WELL-022,500.0,500.0,0.0,45.0,0.0,0.0,0.0
1856,WELL-022,550.0,550.0,0.0,45.0,0.0,0.0,0.0
1857,WELL-022,600.0,600.0,0.0,45.0,0.0,0.0,0.0
1858,WELL-022,650.0,650.0,0.0,45.0,0.0,0.0,0.0
1859,WELL-022,700.0,700.0,0.0,45.0,0.0,0.0,0.0
1860,WELL-022,750.0,750.0,0.0,45.0,0.0,0.0,0.0
1861,WELL-022,800.0,800.0,0.0,45.0,0.0,0.0,0.0
1862,WELL-022,850.0,850.0,0.0,45.0,0.0,0.0,0.0
1863,WELL-022,900.0,900.0,0.0,45.0,0.0,0.0,0.0
1864,WELL-022,950.0,950.0,0.0,45.0,0.0,0.0,0.0
1865,WELL-022,1000.0,1000.0,0.0,45.0,0.0,0.0,0.0
1866,WELL-022,1050.0,1049.9,0.75,45.0,0.4,9.72,9.72
1867,WELL-022,1100.0,1099.6,1.5,45.0,0.4,20.36,20.36
1868,WELL-022,1150.0,1149.1,2.25,45.0,0.4,31.93,31.93
1869,WELL-022,1200.0,1198.4,3.0,45.0,0.4,44.41,44.41
1870,WELL-022,1250.0,1247.3,3.75,45.0,0.4,57.81,57.81
1871,WELL-022,1300.0,1296.0,4.5,45.0,0.4,72.12,72.12
1872,WELL-022,1350.0,1344.3,5.25,45.0,0.4,87.35,87.35
1873,WELL-022,1400.0,1392.3,6.0,45.0,0.4,103.48,103.48
1874,WELL-022,1450.0,1439.9,6.75,45.0,0.4,120.51,120.51
1875,WELL-022,1500.0,1487.2,7.5,45.0,0.4,138.44,138.44
1876,WELL-022,1550.0,1534.0,8.25,45.0,0.4,157.27,157.27
1877,WELL-022,1600.0,1580.3,9.0,45.0,0.4,176.99,176.99
1878,WELL-022,1650.0,1626.2,9.75,45.0,0.4,197.58,197.58
1879,WELL-022,1700.0,1671.5,10.5,45.0,0.4,219.06,219.06
1880,WELL-022,1750.0,1716.4,11.25,45.0,0.4,241.41,241.41
1881,WELL-022,1800.0,1760.7,12.0,45.0,0.4,264.63,264.63
1882,WELL-022,1850.0,1804.4,12.75,45.0,0.4,288.7,288.7
1883,WELL-022,1900.0,1847.5,13.5,45.0,0.4,313.63,313.63
1884,WELL-022,1950.0,1890.0,14.25,45.0,0.4,339.41,339.41
1885,WELL-022,2000.0,1931.9,15.0,45.0,0.4,366.03,366.03
1886,WELL-022,2050.0,1973.0,15.75,45.0,0.4,393.47,393.47
1887,WELL-022,2100.0,2013.5,16.5,45.0,0.4,421.74,421.74
1888,WELL-022,2150.0,2053.3,17.25,45.0,0.4,450.83,450.83
1889,WELL-022,2200.0,2092.3,18.0,45.0,0.4,480.72,480.72
1890,WELL-022,2250.0,2130.6,18.75,45.0,0.4,511.41,511.41
1891,WELL-022,2300.0,2168.1,19.5,45.0,0.4,542.89,542.89
1892,WELL-022,2350.0,2204.7,20.25,45.0,0.4,575.14,575.14
1893,WELL-022,2400.0,2240.6,21.0,45.0,0.4,608.17,608.17
1894,WELL-022,2450.0,2275.6,21.75,45.0,0.4,641.96,641.96
1895,WELL-022,2500.0,2309.7,22.5,45.0,0.4,676.5,676.5
1896,WELL-022,2550.0,2342.9,23.25,45.0,0.4,711.77,711.77
1897,WELL-022,2600.0,2375.2,24.0,45.0,0.4,747.78,747.78
1898,WELL-022,2650.0,2406.6,24.75,45.0,0.4,784.5,784.5
1899,WELL-022,2700.0,2437.0,25.5,45.0,0.4,821.93,821.93
1900,WELL-022,2750.0,2466.4,26.25,45.0,0.4,860.05,860.05
1901,WELL-022,2800.0,2494.8,27.0,45.0,0.4,898.86,898.86
1902,WELL-022,2850.0,2522.2,27.75,45.0,0.4,938.33,938.33
1903,WELL-022,2900.0,2548.6,28.5,45.0,0.4,978.47,978.47
1904,WELL-022,2950.0,2573.9,29.25,45.0,0.4,1019.25,1019.25
1905,WELL-022,3000.0,2598.1,30.0,45.0,0.4,1060.66,1060.66
1906,WELL-022,3050.0,2621.2,30.75,45.0,0.4,1102.69,1102.69
1907,WELL-022,3100.0,2643.2,31.5,45.0,0.4,1145.33,1145.33
1908,WELL-022,3150.0,2664.0,32.25,45.0,0.4,1188.57,1188.57
1909,WELL-022,3200.0,2683.7,33.0,45.0,0.4,1232.38,1232.38
1910,WELL-022,3250.0,2702.3,33.75,45.0,0.4,1276.75,1276.75
1911,WELL-022,3300.0,2719.6,34.5,45.0,0.4,1321.68,1321.68
1912,WELL-022,3350.0,2744.2,35.0,45.0,0.4,1358.69,1358.69
1913,WELL-022,3400.0,2785.1,35.0,45.0,0.4,1378.97,1378.97
1914,WELL-022,3450.0,2826.1,35.0,45.0,0.4,1399.25,1399.25
1915,WELL-022,3500.0,2867.0,35.0,45.0,0.4,1419.53,1419.53
1916,WELL-022,3550.0,2908.0,35.0,45.0,0.4,1439.81,1439.81
1917,WELL-022,3600.0,2948.9,35.0,45.0,0.4,1460.09,1460.09
1918,WELL-022,3650.0,2989.9,35.0,45.0,0.4,1480.37,1480.37
1919,WELL-022,3700.0,3030.9,35.0,45.0,0.4,1500.65,1500.65
1920,WELL-022,3750.0,3071.8,35.0,45.0,0.4,1520.92,1520.92
1921,WELL-022,3800.0,3112.8,35.0,45.0,0.4,1541.2,1541.2
1922,WELL-022,3850.0,3153.7,35.0,45.0,0.4,1561.48,1561.48
1923,WELL-023,0.0,0.0,0.0,45.0,0.0,0.0,0.0
1924,WELL-023,50.0,50.0,0.0,45.0,0.0,0.0,0.0
1925,WELL-023,100.0,100.0,0.0,45.0,0.0,0.0,0.0
1926,WELL-023,150.0,150.0,0.0,45.0,0.0,0.0,0.0
1927,WELL-023,200.0,200.0,0.0,45.0,0.0,0.0,0.0
1928,WELL-023,250.0,250.0,0.0,45.0,0.0,0.0,0.0
1929,WELL-023,300.0,300.0,0.0,45.0,0.0,0.0,0.0
1930,WELL-023,350.0,350.0,0.0,45.0,0.0,0.0,0.0
1931,WELL-023,400.0,400.0,0.0,45.0,0.0,0.0,0.0
1932,WELL-023,450.0,450.0,0.0,45.0,0.0,0.0,0.0
1933,WELL-023,500.0,500.0,0.0,45.0,0.0,0.0,0.0
1934,WELL-023,550.0,550.0,0.0,45.0,0.0,0.0,0.0
1935,WELL-023,600.0,600.0,0.0,45.0,0.0,0.0,0.0
1936,WELL-023,650.0,650.0,0.0,45.0,0.0,0.0,0.0
1937,WELL-023,700.0,700.0,0.0,45.0,0.0,0.0,0.0
1938,WELL-023,750.0,750.0,0.0,45.0,0.0,0.0,0.0
1939,WELL-023,800.0,800.0,0.0,45.0,0.0,0.0,0.0
1940,WELL-023,850.0,850.0,0.0,45.0,0.0,0.0,0.0
1941,WELL-023,900.0,900.0,0.0,45.0,0.0,0.0,0.0
1942,WELL-023,950.0,950.0,0.0,45.0,0.0,0.0,0.0
1943,WELL-023,1000.0,1000.0,0.0,45.0,0.0,0.0,0.0
1944,WELL-023,1050.0,1049.9,0.75,45.0,0.4,9.72,9.72
1945,WELL-023,1100.0,1099.6,1.5,45.0,0.4,20.36,20.36
1946,WELL-023,1150.0,1149.1,2.25,45.0,0.4,31.93,31.93
1947,WELL-023,1200.0,1198.4,3.0,45.0,0.4,44.41,44.41
1948,WELL-023,1250.0,1247.3,3.75,45.0,0.4,57.81,57.81
1949,WELL-023,1300.0,1296.0,4.5,45.0,0.4,72.12,72.12
1950,WELL-023,1350.0,1344.3,5.25,45.0,0.4,87.35,87.35
1951,WELL-023,1400.0,1392.3,6.0,45.0,0.4,103.48,103.48
1952,WELL-023,1450.0,1439.9,6.75,45.0,0.4,120.51,120.51
1953,WELL-023,1500.0,1487.2,7.5,45.0,0.4,138.44,138.44
1954,WELL-023,1550.0,1534.0,8.25,45.0,0.4,157.27,157.27
1955,WELL-023,1600.0,1580.3,9.0,45.0,0.4,176.99,176.99
1956,WELL-023,1650.0,1626.2,9.75,45.0,0.4,197.58,197.58
1957,WELL-023,1700.0,1671.5,10.5,45.0,0.4,219.06,219.06
1958,WELL-023,1750.0,1716.4,11.25,45.0,0.4,241.41,241.41
1959,WELL-023,1800.0,1760.7,12.0,45.0,0.4,264.63,264.63
1960,WELL-023,1850.0,1804.4,12.75,45.0,0.4,288.7,288.7
1961,WELL-023,1900.0,1847.5,13.5,45.0,0.4,313.63,313.63
1962,WELL-023,1950.0,1890.0,14.25,45.0,0.4,339.41,339.41
1963,WELL-023,2000.0,1931.9,15.0,45.0,0.4,366.03,366.03
1964,WELL-023,2050.0,1973.0,15.75,45.0,0.4,393.47,393.47
1965,WELL-023,2100.0,2013.5,16.5,45.0,0.4,421.74,421.74
1966,WELL-023,2150.0,2053.3,17.25,45.0,0.4,450.83,450.83
1967,WELL-023,2200.0,2092.3,18.0,45.0,0.4,480.72,480.72
1968,WELL-023,2250.0,2130.6,18.75,45.0,0.4,511.41,511.41
1969,WELL-023,2300.0,2168.1,19.5,45.0,0.4,542.89,542.89
1970,WELL-023,2350.0,2204.7,20.25,45.0,0.4,575.14,575.14
1971,WELL-023,2400.0,2240.6,21.0,45.0,0.4,608.17,608.17
1972,WELL-023,2450.0,2275.6,21.75,45.0,0.4,641.96,641.96
1973,WELL-023,2500.0,2309.7,22.5,45.0,0.4,676.5,676.5
1974,WELL-023,2550.0,2342.9,23.25,45.0,0.4,711.77,711.77
1975,WELL-023,2600.0,2375.2,24.0,45.0,0.4,747.78,747.78
1976,WELL-023,2650.0,2406.6,24.75,45.0,0.4,784.5,784.5
1977,WELL-023,2700.0,2437.0,25.5,45.0,0.4,821.93,821.93
1978,WELL-023,2750.0,2466.4,26.25,45.0,0.4,860.05,860.05
1979,WELL-023,2800.0,2494.8,27.0,45.0,0.4,898.86,898.86
1980,WELL-023,2850.0,2522.2,27.75,45.0,0.4,938.33,938.33
1981,WELL-023,2900.0,2548.6,28.5,45.0,0.4,978.47,978.47
1982,WELL-023,2950.0,2573.9,29.25,45.0,0.4,1019.25,1019.25
1983,WELL-023,3000.0,2598.1,30.0,45.0,0.4,1060.66,1060.66
1984,WELL-023,3050.0,2621.2,30.75,45.0,0.4,1102.69,1102.69
1985,WELL-023,3100.0,2643.2,31.5,45.0,0.4,1145.33,1145.33
1986,WELL-023,3150.0,2664.0,32.25,45.0,0.4,1188.57,1188.57
1987,WELL-023,3200.0,2683.7,33.0,45.0,0.4,1232.38,1232.38
1988,WELL-023,3250.0,2702.3,33.75,45.0,0.4,1276.75,1276.75
1989,WELL-023,3300.0,2719.6,34.5,45.0,0.4,1321.68,1321.68
1990,WELL-023,3350.0,2744.2,35.0,45.0,0.4,1358.69,1358.69
1991,WELL-023,3400.0,2785.1,35.0,45.0,0.4,1378.97,1378.97
1992,WELL-023,3450.0,2826.1,35.0,45.0,0.4,1399.25,1399.25
1993,WELL-023,3500.0,2867.0,35.0,45.0,0.4,1419.53,1419.53
1994,WELL-023,3550.0,2908.0,35.0,45.0,0.4,1439.81,1439.81
1995,WELL-023,3600.0,2948.9,35.0,45.0,0.4,1460.09,1460.09
1996,WELL-023,3650.0,2989.9,35.0,45.0,0.4,1480.37,1480.37
1997,WELL-023,3700.0,3030.9,35.0,45.0,0.4,1500.65,1500.65
1998,WELL-023,3750.0,3071.8,35.0,45.0,0.4,1520.92,1520.92
1999,WELL-023,3800.0,3112.8,35.0,45.0,0.4,1541.2,1541.2
2000,WELL-023,3850.0,3153.7,35.0,45.0,0.4,1561.48,1561.48
2001,WELL-024,0.0,0.0,0.0,45.0,0.0,0.0,0.0
2002,WELL-024,50.0,50.0,0.0,45.0,0.0,0.0,0.0
2003,WELL-024,100.0,100.0,0.0,45.0,0.0,0.0,0.0
2004,WELL-024,150.0,150.0,0.0,45.0,0.0,0.0,0.0
2005,WELL-024,200.0,200.0,0.0,45.0,0.0,0.0,0.0
2006,WELL-024,250.0,250.0,0.0,45.0,0.0,0.0,0.0
2007,WELL-024,300.0,300.0,0.0,45.0,0.0,0.0,0.0
2008,WELL-024,350.0,350.0,0.0,45.0,0.0,0.0,0.0
2009,WELL-024,400.0,400.0,0.0,45.0,0.0,0.0,0.0
2010,WELL-024,450.0,450.0,0.0,45.0,0.0,0.0,0.0
2011,WELL-024,500.0,500.0,0.0,45.0,0.0,0.0,0.0
2012,WELL-024,550.0,550.0,0.0,45.0,0.0,0.0,0.0
2013,WELL-024,600.0,600.0,0.0,45.0,0.0,0.0,0.0
2014,WELL-024,650.0,650.0,0.0,45.0,0.0,0.0,0.0
2015,WELL-024,700.0,700.0,0.0,45.0,0.0,0.0,0.0
2016,WELL-024,750.0,750.0,0.0,45.0,0.0,0.0,0.0
2017,WELL-024,800.0,800.0,0.0,45.0,0.0,0.0,0.0
2018,WELL-024,850.0,850.0,0.0,45.0,0.0,0.0,0.0
2019,WELL-024,900.0,900.0,0.0,45.0,0.0,0.0,0.0
2020,WELL-024,950.0,950.0,0.0,45.0,0.0,0.0,0.0
2021,WELL-024,1000.0,1000.0,0.0,45.0,0.0,0.0,0.0
2022,WELL-024,1050.0,1049.9,0.75,45.0,0.4,9.72,9.72
2023,WELL-024,1100.0,1099.6,1.5,45.0,0.4,20.36,20.36
2024,WELL-024,1150.0,1149.1,2.25,45.0,0.4,31.93,31.93
2025,WELL-024,1200.0,1198.4,3.0,45.0,0.4,44.41,44.41
2026,WELL-024,1250.0,1247.3,3.75,45.0,0.4,57.81,57.81
2027,WELL-024,1300.0,1296.0,4.5,45.0,0.4,72.12,72.12
2028,WELL-024,1350.0,1344.3,5.25,45.0,0.4,87.35,87.35
2029,WELL-024,1400.0,1392.3,6.0,45.0,0.4,103.48,103.48
2030,WELL-024,1450.0,1439.9,6.75,45.0,0.4,120.51,120.51
2031,WELL-024,1500.0,1487.2,7.5,45.0,0.4,138.44,138.44
2032,WELL-024,1550.0,1534.0,8.25,45.0,0.4,157.27,157.27
2033,WELL-024,1600.0,1580.3,9.0,45.0,0.4,176.99,176.99
2034,WELL-024,1650.0,1626.2,9.75,45.0,0.4,197.58,197.58
2035,WELL-024,1700.0,1671.5,10.5,45.0,0.4,219.06,219.06
2036,WELL-024,1750.0,1716.4,11.25,45.0,0.4,241.41,241.41
2037,WELL-024,1800.0,1760.7,12.0,45.0,0.4,264.63,264.63
2038,WELL-024,1850.0,1804.4,12.75,45.0,0.4,288.7,288.7
2039,WELL-024,1900.0,1847.5,13.5,45.0,0.4,313.63,313.63
2040,WELL-024,1950.0,1890.0,14.25,45.0,0.4,339.41,339.41
2041,WELL-024,2000.0,1931.9,15.0,45.0,0.4,366.03,366.03
2042,WELL-024,2050.0,1973.0,15.75,45.0,0.4,393.47,393.47
2043,WELL-024,2100.0,2013.5,16.5,45.0,0.4,421.74,421.74
2044,WELL-024,2150.0,2053.3,17.25,45.0,0.4,450.83,450.83
2045,WELL-024,2200.0,2092.3,18.0,45.0,0.4,480.72,480.72
2046,WELL-024,2250.0,2130.6,18.75,45.0,0.4,511.41,511.41
2047,WELL-024,2300.0,2168.1,19.5,45.0,0.4,542.89,542.89
2048,WELL-024,2350.0,2204.7,20.25,45.0,0.4,575.14,575.14
2049,WELL-024,2400.0,2240.6,21.0,45.0,0.4,608.17,608.17
2050,WELL-024,2450.0,2275.6,21.75,45.0,0.4,641.96,641.96
2051,WELL-024,2500.0,2309.7,22.5,45.0,0.4,676.5,676.5
2052,WELL-024,2550.0,2342.9,23.25,45.0,0.4,711.77,711.77
2053,WELL-024,2600.0,2375.2,24.0,45.0,0.4,747.78,747.78
2054,WELL-024,2650.0,2406.6,24.75,45.0,0.4,784.5,784.5
2055,WELL-024,2700.0,2437.0,25.5,45.0,0.4,821.93,821.93
2056,WELL-024,2750.0,2466.4,26.25,45.0,0.4,860.05,860.05
2057,WELL-024,2800.0,2494.8,27.0,45.0,0.4,898.86,898.86
2058,WELL-024,2850.0,2522.2,27.75,45.0,0.4,938.33,938.33
2059,WELL-024,2900.0,2548.6,28.5,45.0,0.4,978.47,978.47
2060,WELL-024,2950.0,2573.9,29.25,45.0,0.4,1019.25,1019.25
2061,WELL-024,3000.0,2598.1,30.0,45.0,0.4,1060.66,1060.66
2062,WELL-024,3050.0,2621.2,30.75,45.0,0.4,1102.69,1102.69
2063,WELL-024,3100.0,2643.2,31.5,45.0,0.4,1145.33,1145.33
2064,WELL-024,3150.0,2664.0,32.25,45.0,0.4,1188.57,1188.57
2065,WELL-024,3200.0,2683.7,33.0,45.0,0.4,1232.38,1232.38
2066,WELL-024,3250.0,2702.3,33.75,45.0,0.4,1276.75,1276.75
2067,WELL-024,3300.0,2719.6,34.5,45.0,0.4,1321.68,1321.68
2068,WELL-024,3350.0,2744.2,35.0,45.0,0.4,1358.69,1358.69
2069,WELL-024,3400.0,2785.1,35.0,45.0,0.4,1378.97,1378.97
2070,WELL-024,3450.0,2826.1,35.0,45.0,0.4,1399.25,1399.25
2071,WELL-024,3500.0,2867.0,35.0,45.0,0.4,1419.53,1419.53
2072,WELL-024,3550.0,2908.0,35.0,45.0,0.4,1439.81,1439.81
2073,WELL-024,3600.0,2948.9,35.0,45.0,0.4,1460.09,1460.09
2074,WELL-024,3650.0,2989.9,35.0,45.0,0.4,1480.37,1480.37
2075,WELL-024,3700.0,3030.9,35.0,45.0,0.4,1500.65,1500.65
2076,WELL-024,3750.0,3071.8,35.0,45.0,0.4,1520.92,1520.92
2077,WELL-024,3800.0,3112.8,35.0,45.0,0.4,1541.2,1541.2
2078,WELL-024,3850.0,3153.7,35.0,45.0,0.4,1561.48,1561.48
2079,WELL-025,0.0,0.0,0.0,45.0,0.0,0.0,0.0
2080,WELL-025,50.0,50.0,0.0,45.0,0.0,0.0,0.0
2081,WELL-025,100.0,100.0,0.0,45.0,0.0,0.0,0.0
2082,WELL-025,150.0,150.0,0.0,45.0,0.0,0.0,0.0
2083,WELL-025,200.0,200.0,0.0,45.0,0.0,0.0,0.0
2084,WELL-025,250.0,250.0,0.0,45.0,0.0,0.0,0.0
2085,WELL-025,300.0,300.0,0.0,45.0,0.0,0.0,0.0
2086,WELL-025,350.0,350.0,0.0,45.0,0.0,0.0,0.0
2087,WELL-025,400.0,400.0,0.0,45.0,0.0,0.0,0.0
2088,WELL-025,450.0,450.0,0.0,45.0,0.0,0.0,0.0
2089,WELL-025,500.0,500.0,0.0,45.0,0.0,0.0,0.0
2090,WELL-025,550.0,550.0,0.0,45.0,0.0,0.0,0.0
2091,WELL-025,600.0,600.0,0.0,45.0,0.0,0.0,0.0
2092,WELL-025,650.0,650.0,0.0,45.0,0.0,0.0,0.0
2093,WELL-025,700.0,700.0,0.0,45.0,0.0,0.0,0.0
2094,WELL-025,750.0,750.0,0.0,45.0,0.0,0.0,0.0
2095,WELL-025,800.0,800.0,0.0,45.0,0.0,0.0,0.0
2096,WELL-025,850.0,850.0,0.0,45.0,0.0,0.0,0.0
2097,WELL-025,900.0,900.0,0.0,45.0,0.0,0.0,0.0
2098,WELL-025,950.0,950.0,0.0,45.0,0.0,0.0,0.0
2099,WELL-025,1000.0,1000.0,0.0,45.0,0.0,0.0,0.0
2100,WELL-025,1050.0,1049.9,0.75,45.0,0.4,9.72,9.72
2101,WELL-025,1100.0,1099.6,1.5,45.0,0.4,20.36,20.36
2102,WELL-025,1150.0,1149.1,2.25,45.0,0.4,31.93,31.93
2103,WELL-025,1200.0,1198.4,3.0,45.0,0.4,44.41,44.41
2104,WELL-025,1250.0,1247.3,3.75,45.0,0.4,57.81,57.81
2105,WELL-025,1300.0,1296.0,4.5,45.0,0.4,72.12,72.12
2106,WELL-025,1350.0,1344.3,5.25,45.0,0.4,87.35,87.35
2107,WELL-025,1400.0,1392.3,6.0,45.0,0.4,103.48,103.48
2108,WELL-025,1450.0,1439.9,6.75,45.0,0.4,120.51,120.51
2109,WELL-025,1500.0,1487.2,7.5,45.0,0.4,138.44,138.44
2110,WELL-025,1550.0,1534.0,8.25,45.0,0.4,157.27,157.27
2111,WELL-025,1600.0,1580.3,9.0,45.0,0.4,176.99,176.99
2112,WELL-025,1650.0,1626.2,9.75,45.0,0.4,197.58,197.58
2113,WELL-025,1700.0,1671.5,10.5,45.0,0.4,219.06,219.06
2114,WELL-025,1750.0,1716.4,11.25,45.0,0.4,241.41,241.41
2115,WELL-025,1800.0,1760.7,12.0,45.0,0.4,264.63,264.63
2116,WELL-025,1850.0,1804.4,12.75,45.0,0.4,288.7,288.7
2117,WELL-025,1900.0,1847.5,13.5,45.0,0.4,313.63,313.63
2118,WELL-025,1950.0,1890.0,14.25,45.0,0.4,339.41,339.41
2119,WELL-025,2000.0,1931.9,15.0,45.0,0.4,366.03,366.03
2120,WELL-025,2050.0,1973.0,15.75,45.0,0.4,393.47,393.47
2121,WELL-025,2100.0,2013.5,16.5,45.0,0.4,421.74,421.74
2122,WELL-025,2150.0,2053.3,17.25,45.0,0.4,450.83,450.83
2123,WELL-025,2200.0,2092.3,18.0,45.0,0.4,480.72,480.72
2124,WELL-025,2250.0,2130.6,18.75,45.0,0.4,511.41,511.41
2125,WELL-025,2300.0,2168.1,19.5,45.0,0.4,542.89,542.89
2126,WELL-025,2350.0,2204.7,20.25,45.0,0.4,575.14,575.14
2127,WELL-025,2400.0,2240.6,21.0,45.0,0.4,608.17,608.17
2128,WELL-025,2450.0,2275.6,21.75,45.0,0.4,641.96,641.96
2129,WELL-025,2500.0,2309.7,22.5,45.0,0.4,676.5,676.5
2130,WELL-025,2550.0,2342.9,23.25,45.0,0.4,711.77,711.77
2131,WELL-025,2600.0,2375.2,24.0,45.0,0.4,747.78,747.78
2132,WELL-025,2650.0,2406.6,24.75,45.0,0.4,784.5,784.5
2133,WELL-025,2700.0,2437.0,25.5,45.0,0.4,821.93,821.93
2134,WELL-025,2750.0,2466.4,26.25,45.0,0.4,860.05,860.05
2135,WELL-025,2800.0,2494.8,27.0,45.0,0.4,898.86,898.86
2136,WELL-025,2850.0,2522.2,27.75,45.0,0.4,938.33,938.33
2137,WELL-025,2900.0,2548.6,28.5,45.0,0.4,978.47,978.47
2138,WELL-025,2950.0,2573.9,29.25,45.0,0.4,1019.25,1019.25
2139,WELL-025,3000.0,2598.1,30.0,45.0,0.4,1060.66,1060.66
2140,WELL-025,3050.0,2621.2,30.75,45.0,0.4,1102.69,1102.69
2141,WELL-025,3100.0,2643.2,31.5,45.0,0.4,1145.33,1145.33
2142,WELL-025,3150.0,2664.0,32.25,45.0,0.4,1188.57,1188.57
2143,WELL-025,3200.0,2683.7,33.0,45.0,0.4,1232.38,1232.38
2144,WELL-025,3250.0,2702.3,33.75,45.0,0.4,1276.75,1276.75
2145,WELL-025,3300.0,2719.6,34.5,45.0,0.4,1321.68,1321.68
2146,WELL-025,3350.0,2744.2,35.0,45.0,0.4,1358.69,1358.69
2147,WELL-025,3400.0,2785.1,35.0,45.0,0.4,1378.97,1378.97
2148,WELL-025,3450.0,2826.1,35.0,45.0,0.4,1399.25,1399.25
2149,WELL-025,3500.0,2867.0,35.0,45.0,0.4,1419.53,1419.53
2150,WELL-025,3550.0,2908.0,35.0,45.0,0.4,1439.81,1439.81
2151,WELL-025,3600.0,2948.9,35.0,45.0,0.4,1460.09,1460.09
2152,WELL-025,3650.0,2989.9,35.0,45.0,0.4,1480.37,1480.37
2153,WELL-025,3700.0,3030.9,35.0,45.0,0.4,1500.65,1500.65
2154,WELL-025,3750.0,3071.8,35.0,45.0,0.4,1520.92,1520.92
2155,WELL-025,3800.0,3112.8,35.0,45.0,0.4,1541.2,1541.2
2156,WELL-025,3850.0,3153.7,35.0,45.0,0.4,1561.48,1561.48
2157,WELL-025,3900.0,3194.7,35.0,45.0,0.4,1581.76,1581.76
2158,WELL-025,3950.0,3235.7,35.0,45.0,0.4,1602.04,1602.04
2159,WELL-025,4000.0,3276.6,35.0,45.0,0.4,1622.32,1622.32
2160,WELL-025,4050.0,3317.6,35.0,45.0,0.4,1642.6,1642.6
2161,WELL-025,4100.0,3358.5,35.0,45.0,0.4,1662.88,1662.88
2162,WELL-026,0.0,0.0,0.0,45.0,0.0,0.0,0.0
2163,WELL-026,50.0,50.0,0.0,45.0,0.0,0.0,0.0
2164,WELL-026,100.0,100.0,0.0,45.0,0.0,0.0,0.0
2165,WELL-026,150.0,150.0,0.0,45.0,0.0,0.0,0.0
2166,WELL-026,200.0,200.0,0.0,45.0,0.0,0.0,0.0
2167,WELL-026,250.0,250.0,0.0,45.0,0.0,0.0,0.0
2168,WELL-026,300.0,300.0,0.0,45.0,0.0,0.0,0.0
2169,WELL-026,350.0,350.0,0.0,45.0,0.0,0.0,0.0
2170,WELL-026,400.0,400.0,0.0,45.0,0.0,0.0,0.0
2171,WELL-026,450.0,450.0,0.0,45.0,0.0,0.0,0.0
2172,WELL-026,500.0,500.0,0.0,45.0,0.0,0.0,0.0
2173,WELL-026,550.0,550.0,0.0,45.0,0.0,0.0,0.0
2174,WELL-026,600.0,600.0,0.0,45.0,0.0,0.0,0.0
2175,WELL-026,650.0,650.0,0.0,45.0,0.0,0.0,0.0
2176,WELL-026,700.0,700.0,0.0,45.0,0.0,0.0,0.0
2177,WELL-026,750.0,750.0,0.0,45.0,0.0,0.0,0.0
2178,WELL-026,800.0,800.0,0.0,45.0,0.0,0.0,0.0
2179,WELL-026,850.0,850.0,0.0,45.0,0.0,0.0,0.0
2180,WELL-026,900.0,900.0,0.0,45.0,0.0,0.0,0.0
2181,WELL-026,950.0,950.0,0.0,45.0,0.0,0.0,0.0
2182,WELL-026,1000.0,1000.0,0.0,45.0,0.0,0.0,0.0
2183,WELL-026,1050.0,1049.9,0.75,45.0,0.4,9.72,9.72
2184,WELL-026,1100.0,1099.6,1.5,45.0,0.4,20.36,20.36
2185,WELL-026,1150.0,1149.1,2.25,45.0,0.4,31.93,31.93
2186,WELL-026,1200.0,1198.4,3.0,45.0,0.4,44.41,44.41
2187,WELL-026,1250.0,1247.3,3.75,45.0,0.4,57.81,57.81
2188,WELL-026,1300.0,1296.0,4.5,45.0,0.4,72.12,72.12
2189,WELL-026,1350.0,1344.3,5.25,45.0,0.4,87.35,87.35
2190,WELL-026,1400.0,1392.3,6.0,45.0,0.4,103.48,103.48
2191,WELL-026,1450.0,1439.9,6.75,45.0,0.4,120.51,120.51
2192,WELL-026,1500.0,1487.2,7.5,45.0,0.4,138.44,138.44
2193,WELL-026,1550.0,1534.0,8.25,45.0,0.4,157.27,157.27
2194,WELL-026,1600.0,1580.3,9.0,45.0,0.4,176.99,176.99
2195,WELL-026,1650.0,1626.2,9.75,45.0,0.4,197.58,197.58
2196,WELL-026,1700.0,1671.5,10.5,45.0,0.4,219.06,219.06
2197,WELL-026,1750.0,1716.4,11.25,45.0,0.4,241.41,241.41
2198,WELL-026,1800.0,1760.7,12.0,45.0,0.4,264.63,264.63
2199,WELL-026,1850.0,1804.4,12.75,45.0,0.4,288.7,288.7
2200,WELL-026,1900.0,1847.5,13.5,45.0,0.4,313.63,313.63
2201,WELL-026,1950.0,1890.0,14.25,45.0,0.4,339.41,339.41
2202,WELL-026,2000.0,1931.9,15.0,45.0,0.4,366.03,366.03
2203,WELL-026,2050.0,1973.0,15.75,45.0,0.4,393.47,393.47
2204,WELL-026,2100.0,2013.5,16.5,45.0,0.4,421.74,421.74
2205,WELL-026,2150.0,2053.3,17.25,45.0,0.4,450.83,450.83
2206,WELL-026,2200.0,2092.3,18.0,45.0,0.4,480.72,480.72
2207,WELL-026,2250.0,2130.6,18.75,45.0,0.4,511.41,511.41
2208,WELL-026,2300.0,2168.1,19.5,45.0,0.4,542.89,542.89
2209,WELL-026,2350.0,2204.7,20.25,45.0,0.4,575.14,575.14
2210,WELL-026,2400.0,2240.6,21.0,45.0,0.4,608.17,608.17
2211,WELL-026,2450.0,2275.6,21.75,45.0,0.4,641.96,641.96
2212,WELL-026,2500.0,2309.7,22.5,45.0,0.4,676.5,676.5
2213,WELL-026,2550.0,2342.9,23.25,45.0,0.4,711.77,711.77
2214,WELL-026,2600.0,2375.2,24.0,45.0,0.4,747.78,747.78
2215,WELL-026,2650.0,2406.6,24.75,45.0,0.4,784.5,784.5
2216,WELL-026,2700.0,2437.0,25.5,45.0,0.4,821.93,821.93
2217,WELL-026,2750.0,2466.4,26.25,45.0,0.4,860.05,860.05
2218,WELL-026,2800.0,2494.8,27.0,45.0,0.4,898.86,898.86
2219,WELL-026,2850.0,2522.2,27.75,45.0,0.4,938.33,938.33
2220,WELL-026,2900.0,2548.6,28.5,45.0,0.4,978.47,978.47
2221,WELL-026,2950.0,2573.9,29.25,45.0,0.4,1019.25,1019.25
2222,WELL-026,3000.0,2598.1,30.0,45.0,0.4,1060.66,1060.66
2223,WELL-026,3050.0,2621.2,30.75,45.0,0.4,1102.69,1102.69
2224,WELL-026,3100.0,2643.2,31.5,45.0,0.4,1145.33,1145.33
2225,WELL-026,3150.0,2664.0,32.25,45.0,0.4,1188.57,1188.57
2226,WELL-026,3200.0,2683.7,33.0,45.0,0.4,1232.38,1232.38
2227,WELL-026,3250.0,2702.3,33.75,45.0,0.4,1276.75,1276.75
2228,WELL-026,3300.0,2719.6,34.5,45.0,0.4,1321.68,1321.68
2229,WELL-026,3350.0,2744.2,35.0,45.0,0.4,1358.69,1358.69
2230,WELL-026,3400.0,2785.1,35.0,45.0,0.4,1378.97,1378.97
2231,WELL-026,3450.0,2826.1,35.0,45.0,0.4,1399.25,1399.25
2232,WELL-026,3500.0,2867.0,35.0,45.0,0.4,1419.53,1419.53
2233,WELL-026,3550.0,2908.0,35.0,45.0,0.4,1439.81,1439.81
2234,WELL-026,3600.0,2948.9,35.0,45.0,0.4,1460.09,1460.09
2235,WELL-026,3650.0,2989.9,35.0,45.0,0.4,1480.37,1480.37
2236,WELL-026,3700.0,3030.9,35.0,45.0,0.4,1500.65,1500.65
2237,WELL-026,3750.0,3071.8,35.0,45.0,0.4,1520.92,1520.92
2238,WELL-026,3800.0,3112.8,35.0,45.0,0.4,1541.2,1541.2
2239,WELL-026,3850.0,3153.7,35.0,45.0,0.4,1561.48,1561.48
2240,WELL-026,3900.0,3194.7,35.0,45.0,0.4,1581.76,1581.76
2241,WELL-026,3950.0,3235.7,35.0,45.0,0.4,1602.04,1602.04
2242,WELL-026,4000.0,3276.6,35.0,45.0,0.4,1622.32,1622.32
2243,WELL-026,4050.0,3317.6,35.0,45.0,0.4,1642.6,1642.6
2244,WELL-026,4100.0,3358.5,35.0,45.0,0.4,1662.88,1662.88
2245,WELL-026,4150.0,3399.5,35.0,45.0,0.4,1683.16,1683.16
2246,WELL-026,4200.0,3440.4,35.0,45.0,0.4,1703.44,1703.44
2247,WELL-026,4250.0,3481.4,35.0,45.0,0.4,1723.71,1723.71
2248,WELL-026,4300.0,3522.4,35.0,45.0,0.4,1743.99,1743.99
2249,WELL-026,4350.0,3563.3,35.0,45.0,0.4,1764.27,1764.27
2250,WELL-026,4400.0,3604.3,35.0,45.0,0.4,1784.55,1784.55
2251,WELL-026,4450.0,3645.2,35.0,45.0,0.4,1804.83,1804.83
2252,WELL-027,0.0,0.0,0.0,45.0,0.0,0.0,0.0
2253,WELL-027,50.0,50.0,0.0,45.0,0.0,0.0,0.0
2254,WELL-027,100.0,100.0,0.0,45.0,0.0,0.0,0.0
2255,WELL-027,150.0,150.0,0.0,45.0,0.0,0.0,0.0
2256,WELL-027,200.0,200.0,0.0,45.0,0.0,0.0,0.0
2257,WELL-027,250.0,250.0,0.0,45.0,0.0,0.0,0.0
2258,WELL-027,300.0,300.0,0.0,45.0,0.0,0.0,0.0
2259,WELL-027,350.0,350.0,0.0,45.0,0.0,0.0,0.0
2260,WELL-027,400.0,400.0,0.0,45.0,0.0,0.0,0.0
2261,WELL-027,450.0,450.0,0.0,45.0,0.0,0.0,0.0
2262,WELL-027,500.0,500.0,0.0,45.0,0.0,0.0,0.0
2263,WELL-027,550.0,550.0,0.0,45.0,0.0,0.0,0.0
2264,WELL-027,600.0,600.0,0.0,45.0,0.0,0.0,0.0
2265,WELL-027,650.0,650.0,0.0,45.0,0.0,0.0,0.0
2266,WELL-027,700.0,700.0,0.0,45.0,0.0,0.0,0.0
2267,WELL-027,750.0,750.0,0.0,45.0,0.0,0.0,0.0
2268,WELL-027,800.0,800.0,0.0,45.0,0.0,0.0,0.0
2269,WELL-027,850.0,850.0,0.0,45.0,0.0,0.0,0.0
2270,WELL-027,900.0,900.0,0.0,45.0,0.0,0.0,0.0
2271,WELL-027,950.0,950.0,0.0,45.0,0.0,0.0,0.0
2272,WELL-027,1000.0,1000.0,0.0,45.0,0.0,0.0,0.0
2273,WELL-027,1050.0,1049.9,0.75,45.0,0.4,9.72,9.72
2274,WELL-027,1100.0,1099.6,1.5,45.0,0.4,20.36,20.36
2275,WELL-027,1150.0,1149.1,2.25,45.0,0.4,31.93,31.93
2276,WELL-027,1200.0,1198.4,3.0,45.0,0.4,44.41,44.41
2277,WELL-027,1250.0,1247.3,3.75,45.0,0.4,57.81,57.81
2278,WELL-027,1300.0,1296.0,4.5,45.0,0.4,72.12,72.12
2279,WELL-027,1350.0,1344.3,5.25,45.0,0.4,87.35,87.35
2280,WELL-027,1400.0,1392.3,6.0,45.0,0.4,103.48,103.48
2281,WELL-027,1450.0,1439.9,6.75,45.0,0.4,120.51,120.51
2282,WELL-027,1500.0,1487.2,7.5,45.0,0.4,138.44,138.44
2283,WELL-027,1550.0,1534.0,8.25,45.0,0.4,157.27,157.27
2284,WELL-027,1600.0,1580.3,9.0,45.0,0.4,176.99,176.99
2285,WELL-027,1650.0,1626.2,9.75,45.0,0.4,197.58,197.58
2286,WELL-027,1700.0,1671.5,10.5,45.0,0.4,219.06,219.06
2287,WELL-027,1750.0,1716.4,11.25,45.0,0.4,241.41,241.41
2288,WELL-027,1800.0,1760.7,12.0,45.0,0.4,264.63,264.63
2289,WELL-027,1850.0,1804.4,12.75,45.0,0.4,288.7,288.7
2290,WELL-027,1900.0,1847.5,13.5,45.0,0.4,313.63,313.63
2291,WELL-027,1950.0,1890.0,14.25,45.0,0.4,339.41,339.41
2292,WELL-027,2000.0,1931.9,15.0,45.0,0.4,366.03,366.03
2293,WELL-027,2050.0,1973.0,15.75,45.0,0.4,393.47,393.47
2294,WELL-027,2100.0,2013.5,16.5,45.0,0.4,421.74,421.74
2295,WELL-027,2150.0,2053.3,17.25,45.0,0.4,450.83,450.83
2296,WELL-027,2200.0,2092.3,18.0,45.0,0.4,480.72,480.72
2297,WELL-027,2250.0,2130.6,18.75,45.0,0.4,511.41,511.41
2298,WELL-027,2300.0,2168.1,19.5,45.0,0.4,542.89,542.89
2299,WELL-027,2350.0,2204.7,20.25,45.0,0.4,575.14,575.14
2300,WELL-027,2400.0,2240.6,21.0,45.0,0.4,608.17,608.17
2301,WELL-027,2450.0,2275.6,21.75,45.0,0.4,641.96,641.96
2302,WELL-027,2500.0,2309.7,22.5,45.0,0.4,676.5,676.5
2303,WELL-027,2550.0,2342.9,23.25,45.0,0.4,711.77,711.77
2304,WELL-027,2600.0,2375.2,24.0,45.0,0.4,747.78,747.78
2305,WELL-027,2650.0,2406.6,24.75,45.0,0.4,784.5,784.5
2306,WELL-027,2700.0,2437.0,25.5,45.0,0.4,821.93,821.93
2307,WELL-027,2750.0,2466.4,26.25,45.0,0.4,860.05,860.05
2308,WELL-027,2800.0,2494.8,27.0,45.0,0.4,898.86,898.86
2309,WELL-027,2850.0,2522.2,27.75,45.0,0.4,938.33,938.33
2310,WELL-027,2900.0,2548.6,28.5,45.0,0.4,978.47,978.47
2311,WELL-027,2950.0,2573.9,29.25,45.0,0.4,1019.25,1019.25
2312,WELL-027,3000.0,2598.1,30.0,45.0,0.4,1060.66,1060.66
2313,WELL-027,3050.0,2621.2,30.75,45.0,0.4,1102.69,1102.69
2314,WELL-027,3100.0,2643.2,31.5,45.0,0.4,1145.33,1145.33
2315,WELL-027,3150.0,2664.0,32.25,45.0,0.4,1188.57,1188.57
2316,WELL-027,3200.0,2683.7,33.0,45.0,0.4,1232.38,1232.38
2317,WELL-027,3250.0,2702.3,33.75,45.0,0.4,1276.75,1276.75
2318,WELL-027,3300.0,2719.6,34.5,45.0,0.4,1321.68,1321.68
2319,WELL-027,3350.0,2744.2,35.0,45.0,0.4,1358.69,1358.69
2320,WELL-027,3400.0,2785.1,35.0,45.0,0.4,1378.97,1378.97
2321,WELL-027,3450.0,2826.1,35.0,45.0,0.4,1399.25,1399.25
2322,WELL-027,3500.0,2867.0,35.0,45.0,0.4,1419.53,1419.53
2323,WELL-027,3550.0,2908.0,35.0,45.0,0.4,1439.81,1439.81
2324,WELL-027,3600.0,2948.9,35.0,45.0,0.4,1460.09,1460.09
2325,WELL-027,3650.0,2989.9,35.0,45.0,0.4,1480.37,1480.37
2326,WELL-027,3700.0,3030.9,35.0,45.0,0.4,1500.65,1500.65
2327,WELL-027,3750.0,3071.8,35.0,45.0,0.4,1520.92,1520.92
2328,WELL-027,3800.0,3112.8,35.0,45.0,0.4,1541.2,1541.2
2329,WELL-027,3850.0,3153.7,35.0,45.0,0.4,1561.48,1561.48
2330,WELL-027,3900.0,3194.7,35.0,45.0,0.4,1581.76,1581.76
2331,WELL-027,3950.0,3235.7,35.0,45.0,0.4,1602.04,1602.04
2332,WELL-027,4000.0,3276.6,35.0,45.0,0.4,1622.32,1622.32
2333,WELL-027,4050.0,3317.6,35.0,45.0,0.4,1642.6,1642.6
2334,WELL-027,4100.0,3358.5,35.0,45.0,0.4,1662.88,1662.88
2335,WELL-027,4150.0,3399.5,35.0,45.0,0.4,1683.16,1683.16
2336,WELL-027,4200.0,3440.4,35.0,45.0,0.4,1703.44,1703.44
2337,WELL-027,4250.0,3481.4,35.0,45.0,0.4,1723.71,1723.71
2338,WELL-028,0.0,0.0,0.0,45.0,0.0,0.0,0.0
2339,WELL-028,50.0,50.0,0.0,45.0,0.0,0.0,0.0
2340,WELL-028,100.0,100.0,0.0,45.0,0.0,0.0,0.0
2341,WELL-028,150.0,150.0,0.0,45.0,0.0,0.0,0.0
2342,WELL-028,200.0,200.0,0.0,45.0,0.0,0.0,0.0
2343,WELL-028,250.0,250.0,0.0,45.0,0.0,0.0,0.0
2344,WELL-028,300.0,300.0,0.0,45.0,0.0,0.0,0.0
2345,WELL-028,350.0,350.0,0.0,45.0,0.0,0.0,0.0
2346,WELL-028,400.0,400.0,0.0,45.0,0.0,0.0,0.0
2347,WELL-028,450.0,450.0,0.0,45.0,0.0,0.0,0.0
2348,WELL-028,500.0,500.0,0.0,45.0,0.0,0.0,0.0
2349,WELL-028,550.0,550.0,0.0,45.0,0.0,0.0,0.0
2350,WELL-028,600.0,600.0,0.0,45.0,0.0,0.0,0.0
2351,WELL-028,650.0,650.0,0.0,45.0,0.0,0.0,0.0
2352,WELL-028,700.0,700.0,0.0,45.0,0.0,0.0,0.0
2353,WELL-028,750.0,750.0,0.0,45.0,0.0,0.0,0.0
2354,WELL-028,800.0,800.0,0.0,45.0,0.0,0.0,0.0
2355,WELL-028,850.0,850.0,0.0,45.0,0.0,0.0,0.0
2356,WELL-028,900.0,900.0,0.0,45.0,0.0,0.0,0.0
2357,WELL-028,950.0,950.0,0.0,45.0,0.0,0.0,0.0
2358,WELL-028,1000.0,1000.0,0.0,45.0,0.0,0.0,0.0
2359,WELL-028,1050.0,1049.9,0.75,45.0,0.4,9.72,9.72
2360,WELL-028,1100.0,1099.6,1.5,45.0,0.4,20.36,20.36
2361,WELL-028,1150.0,1149.1,2.25,45.0,0.4,31.93,31.93
2362,WELL-028,1200.0,1198.4,3.0,45.0,0.4,44.41,44.41
2363,WELL-028,1250.0,1247.3,3.75,45.0,0.4,57.81,57.81
2364,WELL-028,1300.0,1296.0,4.5,45.0,0.4,72.12,72.12
2365,WELL-028,1350.0,1344.3,5.25,45.0,0.4,87.35,87.35
2366,WELL-028,1400.0,1392.3,6.0,45.0,0.4,103.48,103.48
2367,WELL-028,1450.0,1439.9,6.75,45.0,0.4,120.51,120.51
2368,WELL-028,1500.0,1487.2,7.5,45.0,0.4,138.44,138.44
2369,WELL-028,1550.0,1534.0,8.25,45.0,0.4,157.27,157.27
2370,WELL-028,1600.0,1580.3,9.0,45.0,0.4,176.99,176.99
2371,WELL-028,1650.0,1626.2,9.75,45.0,0.4,197.58,197.58
2372,WELL-028,1700.0,1671.5,10.5,45.0,0.4,219.06,219.06
2373,WELL-028,1750.0,1716.4,11.25,45.0,0.4,241.41,241.41
2374,WELL-028,1800.0,1760.7,12.0,45.0,0.4,264.63,264.63
2375,WELL-028,1850.0,1804.4,12.75,45.0,0.4,288.7,288.7
2376,WELL-028,1900.0,1847.5,13.5,45.0,0.4,313.63,313.63
2377,WELL-028,1950.0,1890.0,14.25,45.0,0.4,339.41,339.41
2378,WELL-028,2000.0,1931.9,15.0,45.0,0.4,366.03,366.03
2379,WELL-028,2050.0,1973.0,15.75,45.0,0.4,393.47,393.47
2380,WELL-028,2100.0,2013.5,16.5,45.0,0.4,421.74,421.74
2381,WELL-028,2150.0,2053.3,17.25,45.0,0.4,450.83,450.83
2382,WELL-028,2200.0,2092.3,18.0,45.0,0.4,480.72,480.72
2383,WELL-028,2250.0,2130.6,18.75,45.0,0.4,511.41,511.41
2384,WELL-028,2300.0,2168.1,19.5,45.0,0.4,542.89,542.89
2385,WELL-028,2350.0,2204.7,20.25,45.0,0.4,575.14,575.14
2386,WELL-028,2400.0,2240.6,21.0,45.0,0.4,608.17,608.17
2387,WELL-028,2450.0,2275.6,21.75,45.0,0.4,641.96,641.96
2388,WELL-028,2500.0,2309.7,22.5,45.0,0.4,676.5,676.5
2389,WELL-028,2550.0,2342.9,23.25,45.0,0.4,711.77,711.77
2390,WELL-028,2600.0,2375.2,24.0,45.0,0.4,747.78,747.78
2391,WELL-028,2650.0,2406.6,24.75,45.0,0.4,784.5,784.5
2392,WELL-028,2700.0,2437.0,25.5,45.0,0.4,821.93,821.93
2393,WELL-028,2750.0,2466.4,26.25,45.0,0.4,860.05,860.05
2394,WELL-028,2800.0,2494.8,27.0,45.0,0.4,898.86,898.86
2395,WELL-028,2850.0,2522.2,27.75,45.0,0.4,938.33,938.33
2396,WELL-028,2900.0,2548.6,28.5,45.0,0.4,978.47,978.47
2397,WELL-028,2950.0,2573.9,29.25,45.0,0.4,1019.25,1019.25
2398,WELL-028,3000.0,2598.1,30.0,45.0,0.4,1060.66,1060.66
2399,WELL-028,3050.0,2621.2,30.75,45.0,0.4,1102.69,1102.69
2400,WELL-028,3100.0,2643.2,31.5,45.0,0.4,1145.33,1145.33
2401,WELL-028,3150.0,2664.0,32.25,45.0,0.4,1188.57,1188.57
2402,WELL-028,3200.0,2683.7,33.0,45.0,0.4,1232.38,1232.38
2403,WELL-028,3250.0,2702.3,33.75,45.0,0.4,1276.75,1276.75
2404,WELL-028,3300.0,2719.6,34.5,45.0,0.4,1321.68,1321.68
2405,WELL-028,3350.0,2744.2,35.0,45.0,0.4,1358.69,1358.69
2406,WELL-028,3400.0,2785.1,35.0,45.0,0.4,1378.97,1378.97
2407,WELL-028,3450.0,2826.1,35.0,45.0,0.4,1399.25,1399.25
2408,WELL-028,3500.0,2867.0,35.0,45.0,0.4,1419.53,1419.53
2409,WELL-028,3550.0,2908.0,35.0,45.0,0.4,1439.81,1439.81
2410,WELL-028,3600.0,2948.9,35.0,45.0,0.4,1460.09,1460.09
2411,WELL-028,3650.0,2989.9,35.0,45.0,0.4,1480.37,1480.37
2412,WELL-028,3700.0,3030.9,35.0,45.0,0.4,1500.65,1500.65
2413,WELL-028,3750.0,3071.8,35.0,45.0,0.4,1520.92,1520.92
2414,WELL-028,3800.0,3112.8,35.0,45.0,0.4,1541.2,1541.2
2415,WELL-028,3850.0,3153.7,35.0,45.0,0.4,1561.48,1561.48
2416,WELL-029,0.0,0.0,0.0,45.0,0.0,0.0,0.0
2417,WELL-029,50.0,50.0,0.0,45.0,0.0,0.0,0.0
2418,WELL-029,100.0,100.0,0.0,45.0,0.0,0.0,0.0
2419,WELL-029,150.0,150.0,0.0,45.0,0.0,0.0,0.0
2420,WELL-029,200.0,200.0,0.0,45.0,0.0,0.0,0.0
2421,WELL-029,250.0,250.0,0.0,45.0,0.0,0.0,0.0
2422,WELL-029,300.0,300.0,0.0,45.0,0.0,0.0,0.0
2423,WELL-029,350.0,350.0,0.0,45.0,0.0,0.0,0.0
2424,WELL-029,400.0,400.0,0.0,45.0,0.0,0.0,0.0
2425,WELL-029,450.0,450.0,0.0,45.0,0.0,0.0,0.0
2426,WELL-029,500.0,500.0,0.0,45.0,0.0,0.0,0.0
2427,WELL-029,550.0,550.0,0.0,45.0,0.0,0.0,0.0
2428,WELL-029,600.0,600.0,0.0,45.0,0.0,0.0,0.0
2429,WELL-029,650.0,650.0,0.0,45.0,0.0,0.0,0.0
2430,WELL-029,700.0,700.0,0.0,45.0,0.0,0.0,0.0
2431,WELL-029,750.0,750.0,0.0,45.0,0.0,0.0,0.0
2432,WELL-029,800.0,800.0,0.0,45.0,0.0,0.0,0.0
2433,WELL-029,850.0,850.0,0.0,45.0,0.0,0.0,0.0
2434,WELL-029,900.0,900.0,0.0,45.0,0.0,0.0,0.0
2435,WELL-029,950.0,950.0,0.0,45.0,0.0,0.0,0.0
2436,WELL-029,1000.0,1000.0,0.0,45.0,0.0,0.0,0.0
2437,WELL-029,1050.0,1049.9,0.75,45.0,0.4,9.72,9.72
2438,WELL-029,1100.0,1099.6,1.5,45.0,0.4,20.36,20.36
2439,WELL-029,1150.0,1149.1,2.25,45.0,0.4,31.93,31.93
2440,WELL-029,1200.0,1198.4,3.0,45.0,0.4,44.41,44.41
2441,WELL-029,1250.0,1247.3,3.75,45.0,0.4,57.81,57.81
2442,WELL-029,1300.0,1296.0,4.5,45.0,0.4,72.12,72.12
2443,WELL-029,1350.0,1344.3,5.25,45.0,0.4,87.35,87.35
2444,WELL-029,1400.0,1392.3,6.0,45.0,0.4,103.48,103.48
2445,WELL-029,1450.0,1439.9,6.75,45.0,0.4,120.51,120.51
2446,WELL-029,1500.0,1487.2,7.5,45.0,0.4,138.44,138.44
2447,WELL-029,1550.0,1534.0,8.25,45.0,0.4,157.27,157.27
2448,WELL-029,1600.0,1580.3,9.0,45.0,0.4,176.99,176.99
2449,WELL-029,1650.0,1626.2,9.75,45.0,0.4,197.58,197.58
2450,WELL-029,1700.0,1671.5,10.5,45.0,0.4,219.06,219.06
2451,WELL-029,1750.0,1716.4,11.25,45.0,0.4,241.41,241.41
2452,WELL-029,1800.0,1760.7,12.0,45.0,0.4,264.63,264.63
2453,WELL-029,1850.0,1804.4,12.75,45.0,0.4,288.7,288.7
2454,WELL-029,1900.0,1847.5,13.5,45.0,0.4,313.63,313.63
2455,WELL-029,1950.0,1890.0,14.25,45.0,0.4,339.41,339.41
2456,WELL-029,2000.0,1931.9,15.0,45.0,0.4,366.03,366.03
2457,WELL-029,2050.0,1973.0,15.75,45.0,0.4,393.47,393.47
2458,WELL-029,2100.0,2013.5,16.5,45.0,0.4,421.74,421.74
2459,WELL-029,2150.0,2053.3,17.25,45.0,0.4,450.83,450.83
2460,WELL-029,2200.0,2092.3,18.0,45.0,0.4,480.72,480.72
2461,WELL-029,2250.0,2130.6,18.75,45.0,0.4,511.41,511.41
2462,WELL-029,2300.0,2168.1,19.5,45.0,0.4,542.89,542.89
2463,WELL-029,2350.0,2204.7,20.25,45.0,0.4,575.14,575.14
2464,WELL-029,2400.0,2240.6,21.0,45.0,0.4,608.17,608.17
2465,WELL-029,2450.0,2275.6,21.75,45.0,0.4,641.96,641.96
2466,WELL-029,2500.0,2309.7,22.5,45.0,0.4,676.5,676.5
2467,WELL-029,2550.0,2342.9,23.25,45.0,0.4,711.77,711.77
2468,WELL-029,2600.0,2375.2,24.0,45.0,0.4,747.78,747.78
2469,WELL-029,2650.0,2406.6,24.75,45.0,0.4,784.5,784.5
2470,WELL-029,2700.0,2437.0,25.5,45.0,0.4,821.93,821.93
2471,WELL-029,2750.0,2466.4,26.25,45.0,0.4,860.05,860.05
2472,WELL-029,2800.0,2494.8,27.0,45.0,0.4,898.86,898.86
2473,WELL-029,2850.0,2522.2,27.75,45.0,0.4,938.33,938.33
2474,WELL-029,2900.0,2548.6,28.5,45.0,0.4,978.47,978.47
2475,WELL-029,2950.0,2573.9,29.25,45.0,0.4,1019.25,1019.25
2476,WELL-029,3000.0,2598.1,30.0,45.0,0.4,1060.66,1060.66
2477,WELL-029,3050.0,2621.2,30.75,45.0,0.4,1102.69,1102.69
2478,WELL-029,3100.0,2643.2,31.5,45.0,0.4,1145.33,1145.33
2479,WELL-029,3150.0,2664.0,32.25,45.0,0.4,1188.57,1188.57
2480,WELL-029,3200.0,2683.7,33.0,45.0,0.4,1232.38,1232.38
2481,WELL-029,3250.0,2702.3,33.75,45.0,0.4,1276.75,1276.75
2482,WELL-029,3300.0,2719.6,34.5,45.0,0.4,1321.68,1321.68
2483,WELL-029,3350.0,2744.2,35.0,45.0,0.4,1358.69,1358.69
2484,WELL-029,3400.0,2785.1,35.0,45.0,0.4,1378.97,1378.97
2485,WELL-029,3450.0,2826.1,35.0,45.0,0.4,1399.25,1399.25
2486,WELL-029,3500.0,2867.0,35.0,45.0,0.4,1419.53,1419.53
2487,WELL-029,3550.0,2908.0,35.0,45.0,0.4,1439.81,1439.81
2488,WELL-029,3600.0,2948.9,35.0,45.0,0.4,1460.09,1460.09
2489,WELL-029,3650.0,2989.9,35.0,45.0,0.4,1480.37,1480.37
2490,WELL-029,3700.0,3030.9,35.0,45.0,0.4,1500.65,1500.65
2491,WELL-029,3750.0,3071.8,35.0,45.0,0.4,1520.92,1520.92
2492,WELL-029,3800.0,3112.8,35.0,45.0,0.4,1541.2,1541.2
2493,WELL-029,3850.0,3153.7,35.0,45.0,0.4,1561.48,1561.48
2494,WELL-029,3900.0,3194.7,35.0,45.0,0.4,1581.76,1581.76
2495,WELL-029,3950.0,3235.7,35.0,45.0,0.4,1602.04,1602.04
2496,WELL-029,4000.0,3276.6,35.0,45.0,0.4,1622.32,1622.32
2497,WELL-029,4050.0,3317.6,35.0,45.0,0.4,1642.6,1642.6
2498,WELL-029,4100.0,3358.5,35.0,45.0,0.4,1662.88,1662.88
2499,WELL-029,4150.0,3399.5,35.0,45.0,0.4,1683.16,1683.16
2500,WELL-029,4200.0,3440.4,35.0,45.0,0.4,1703.44,1703.44
2501,WELL-029,4250.0,3481.4,35.0,45.0,0.4,1723.71,1723.71
2502,WELL-029,4300.0,3522.4,35.0,45.0,0.4,1743.99,1743.99
2503,WELL-029,4350.0,3563.3,35.0,45.0,0.4,1764.27,1764.27
2504,WELL-029,4400.0,3604.3,35.0,45.0,0.4,1784.55,1784.55
2505,WELL-029,4450.0,3645.2,35.0,45.0,0.4,1804.83,1804.83
2506,WELL-029,4500.0,3686.2,35.0,45.0,0.4,1825.11,1825.11
2507,WELL-029,4550.0,3727.1,35.0,45.0,0.4,1845.39,1845.39
2508,WELL-029,4600.0,3768.1,35.0,45.0,0.4,1865.67,1865.67
2509,WELL-029,4650.0,3809.1,35.0,45.0,0.4,1885.95,1885.95
2510,WELL-030,0.0,0.0,0.0,45.0,0.0,0.0,0.0
2511,WELL-030,50.0,50.0,0.0,45.0,0.0,0.0,0.0
2512,WELL-030,100.0,100.0,0.0,45.0,0.0,0.0,0.0
2513,WELL-030,150.0,150.0,0.0,45.0,0.0,0.0,0.0
2514,WELL-030,200.0,200.0,0.0,45.0,0.0,0.0,0.0
2515,WELL-030,250.0,250.0,0.0,45.0,0.0,0.0,0.0
2516,WELL-030,300.0,300.0,0.0,45.0,0.0,0.0,0.0
2517,WELL-030,350.0,350.0,0.0,45.0,0.0,0.0,0.0
2518,WELL-030,400.0,400.0,0.0,45.0,0.0,0.0,0.0
2519,WELL-030,450.0,450.0,0.0,45.0,0.0,0.0,0.0
2520,WELL-030,500.0,500.0,0.0,45.0,0.0,0.0,0.0
2521,WELL-030,550.0,550.0,0.0,45.0,0.0,0.0,0.0
2522,WELL-030,600.0,600.0,0.0,45.0,0.0,0.0,0.0
2523,WELL-030,650.0,650.0,0.0,45.0,0.0,0.0,0.0
2524,WELL-030,700.0,700.0,0.0,45.0,0.0,0.0,0.0
2525,WELL-030,750.0,750.0,0.0,45.0,0.0,0.0,0.0
2526,WELL-030,800.0,800.0,0.0,45.0,0.0,0.0,0.0
2527,WELL-030,850.0,850.0,0.0,45.0,0.0,0.0,0.0
2528,WELL-030,900.0,900.0,0.0,45.0,0.0,0.0,0.0
2529,WELL-030,950.0,950.0,0.0,45.0,0.0,0.0,0.0
2530,WELL-030,1000.0,1000.0,0.0,45.0,0.0,0.0,0.0
2531,WELL-030,1050.0,1049.9,0.75,45.0,0.4,9.72,9.72
2532,WELL-030,1100.0,1099.6,1.5,45.0,0.4,20.36,20.36
2533,WELL-030,1150.0,1149.1,2.25,45.0,0.4,31.93,31.93
2534,WELL-030,1200.0,1198.4,3.0,45.0,0.4,44.41,44.41
2535,WELL-030,1250.0,1247.3,3.75,45.0,0.4,57.81,57.81
2536,WELL-030,1300.0,1296.0,4.5,45.0,0.4,72.12,72.12
2537,WELL-030,1350.0,1344.3,5.25,45.0,0.4,87.35,87.35
2538,WELL-030,1400.0,1392.3,6.0,45.0,0.4,103.48,103.48
2539,WELL-030,1450.0,1439.9,6.75,45.0,0.4,120.51,120.51
2540,WELL-030,1500.0,1487.2,7.5,45.0,0.4,138.44,138.44
2541,WELL-030,1550.0,1534.0,8.25,45.0,0.4,157.27,157.27
2542,WELL-030,1600.0,1580.3,9.0,45.0,0.4,176.99,176.99
2543,WELL-030,1650.0,1626.2,9.75,45.0,0.4,197.58,197.58
2544,WELL-030,1700.0,1671.5,10.5,45.0,0.4,219.06,219.06
2545,WELL-030,1750.0,1716.4,11.25,45.0,0.4,241.41,241.41
2546,WELL-030,1800.0,1760.7,12.0,45.0,0.4,264.63,264.63
2547,WELL-030,1850.0,1804.4,12.75,45.0,0.4,288.7,288.7
2548,WELL-030,1900.0,1847.5,13.5,45.0,0.4,313.63,313.63
2549,WELL-030,1950.0,1890.0,14.25,45.0,0.4,339.41,339.41
2550,WELL-030,2000.0,1931.9,15.0,45.0,0.4,366.03,366.03
2551,WELL-030,2050.0,1973.0,15.75,45.0,0.4,393.47,393.47
2552,WELL-030,2100.0,2013.5,16.5,45.0,0.4,421.74,421.74
2553,WELL-030,2150.0,2053.3,17.25,45.0,0.4,450.83,450.83
2554,WELL-030,2200.0,2092.3,18.0,45.0,0.4,480.72,480.72
2555,WELL-030,2250.0,2130.6,18.75,45.0,0.4,511.41,511.41
2556,WELL-030,2300.0,2168.1,19.5,45.0,0.4,542.89,542.89
2557,WELL-030,2350.0,2204.7,20.25,45.0,0.4,575.14,575.14
2558,WELL-030,2400.0,2240.6,21.0,45.0,0.4,608.17,608.17
2559,WELL-030,2450.0,2275.6,21.75,45.0,0.4,641.96,641.96
2560,WELL-030,2500.0,2309.7,22.5,45.0,0.4,676.5,676.5
2561,WELL-030,2550.0,2342.9,23.25,45.0,0.4,711.77,711.77
2562,WELL-030,2600.0,2375.2,24.0,45.0,0.4,747.78,747.78
2563,WELL-030,2650.0,2406.6,24.75,45.0,0.4,784.5,784.5
2564,WELL-030,2700.0,2437.0,25.5,45.0,0.4,821.93,821.93
2565,WELL-030,2750.0,2466.4,26.25,45.0,0.4,860.05,860.05
2566,WELL-030,2800.0,2494.8,27.0,45.0,0.4,898.86,898.86
2567,WELL-030,2850.0,2522.2,27.75,45.0,0.4,938.33,938.33
2568,WELL-030,2900.0,2548.6,28.5,45.0,0.4,978.47,978.47
2569,WELL-030,2950.0,2573.9,29.25,45.0,0.4,1019.25,1019.25
2570,WELL-030,3000.0,2598.1,30.0,45.0,0.4,1060.66,1060.66
2571,WELL-030,3050.0,2621.2,30.75,45.0,0.4,1102.69,1102.69
2572,WELL-030,3100.0,2643.2,31.5,45.0,0.4,1145.33,1145.33
2573,WELL-030,3150.0,2664.0,32.25,45.0,0.4,1188.57,1188.57
2574,WELL-030,3200.0,2683.7,33.0,45.0,0.4,1232.38,1232.38
2575,WELL-030,3250.0,2702.3,33.75,45.0,0.4,1276.75,1276.75
2576,WELL-030,3300.0,2719.6,34.5,45.0,0.4,1321.68,1321.68
2577,WELL-030,3350.0,2744.2,35.0,45.0,0.4,1358.69,1358.69
2578,WELL-030,3400.0,2785.1,35.0,45.0,0.4,1378.97,1378.97
2579,WELL-030,3450.0,2826.1,35.0,45.0,0.4,1399.25,1399.25
2580,WELL-030,3500.0,2867.0,35.0,45.0,0.4,1419.53,1419.53
2581,WELL-030,3550.0,2908.0,35.0,45.0,0.4,1439.81,1439.81
2582,WELL-030,3600.0,2948.9,35.0,45.0,0.4,1460.09,1460.09
2583,WELL-030,3650.0,2989.9,35.0,45.0,0.4,1480.37,1480.37
2584,WELL-030,3700.0,3030.9,35.0,45.0,0.4,1500.65,1500.65
2585,WELL-030,3750.0,3071.8,35.0,45.0,0.4,1520.92,1520.92
2586,WELL-030,3800.0,3112.8,35.0,45.0,0.4,1541.2,1541.2
2587,WELL-030,3850.0,3153.7,35.0,45.0,0.4,1561.48,1561.48
2588,WELL-030,3900.0,3194.7,35.0,45.0,0.4,1581.76,1581.76
2589,WELL-030,3950.0,3235.7,35.0,45.0,0.4,1602.04,1602.04
2590,WELL-030,4000.0,3276.6,35.0,45.0,0.4,1622.32,1622.32
2591,WELL-030,4050.0,3317.6,35.0,45.0,0.4,1642.6,1642.6
2592,WELL-030,4100.0,3358.5,35.0,45.0,0.4,1662.88,1662.88
